{
  "ALNITAK_CAVANILLES__varA": {
    "held_out": "ALNITAK_CAVANILLES",
    "variant": "varA_bg_only",
    "n_train": 190008,
    "n_val": 26442,
    "n_test": 4406,
    "n_test_tursiops": 58,
    "test_prevalence": 0.013163867453472538,
    "best_val_auc": 0.9924096554814759,
    "best_threshold": 0.775,
    "test_auc": 0.697395552453764,
    "test_ap": 0.021856200082937968,
    "test_f1": 0.0,
    "test_recall": 0.0,
    "test_precision": 0.0,
    "elapsed_s": 25.83170771598816,
    "training_prevalence": 0.0291093006610248,
    "train_datasets": [
      "Adriatic_Sea",
      "DCLDE_2026",
      "DOLPHINFREE",
      "DRYAD",
      "ECOSS_annot",
      "ECOSS_enhanced",
      "ECOSS_testtrain",
      "FREMANTLE",
      "MONISH",
      "OLTREMARE",
      "WATKINS"
    ]
  },
  "Adriatic_Sea__varA": {
    "held_out": "Adriatic_Sea",
    "variant": "varA_bg_only",
    "n_train": 195911,
    "n_val": 23765,
    "n_test": 1180,
    "n_test_tursiops": 942,
    "test_prevalence": 0.7983050847457627,
    "best_val_auc": 0.9954720243919087,
    "best_threshold": 0.9249999999999999,
    "test_auc": 0.8426198504879658,
    "test_ap": 0.9494216914470776,
    "test_f1": 0.4784688995215311,
    "test_recall": 0.3184713375796178,
    "test_precision": 0.9615384615384616,
    "elapsed_s": 43.77122974395752,
    "training_prevalence": 0.029038696142636197,
    "train_datasets": [
      "ALNITAK_CAVANILLES",
      "DCLDE_2026",
      "DOLPHINFREE",
      "DRYAD",
      "ECOSS_annot",
      "ECOSS_enhanced",
      "ECOSS_testtrain",
      "FREMANTLE",
      "MONISH",
      "OLTREMARE",
      "WATKINS"
    ]
  },
  "DRYAD__varA": {
    "held_out": "DRYAD",
    "variant": "varA_bg_only",
    "n_train": 187459,
    "n_val": 26627,
    "n_test": 6770,
    "n_test_tursiops": 2916,
    "test_prevalence": 0.43072378138847855,
    "best_val_auc": 0.9945215502300372,
    "best_threshold": 0.95,
    "test_auc": 0.8596926535984561,
    "test_ap": 0.8714057048095245,
    "test_f1": 0.7550291408159429,
    "test_recall": 0.6886145404663924,
    "test_precision": 0.8356221389929255,
    "elapsed_s": 26.811098098754883,
    "training_prevalence": 0.021055270752537887,
    "train_datasets": [
      "ALNITAK_CAVANILLES",
      "Adriatic_Sea",
      "DCLDE_2026",
      "DOLPHINFREE",
      "ECOSS_annot",
      "ECOSS_enhanced",
      "ECOSS_testtrain",
      "FREMANTLE",
      "MONISH",
      "OLTREMARE",
      "WATKINS"
    ]
  },
  "ECOSS_enhanced__varA": {
    "held_out": "ECOSS_enhanced",
    "variant": "varA_bg_only",
    "n_train": 194037,
    "n_val": 26767,
    "n_test": 52,
    "n_test_tursiops": 27,
    "test_prevalence": 0.5192307692307693,
    "best_val_auc": 0.995038325085913,
    "best_threshold": 0.95,
    "test_auc": 1.0,
    "test_ap": 1.0,
    "test_f1": 0.9811320754716981,
    "test_recall": 0.9629629629629629,
    "test_precision": 1.0,
    "elapsed_s": 49.471041679382324,
    "training_prevalence": 0.034642877389363884,
    "train_datasets": [
      "ALNITAK_CAVANILLES",
      "Adriatic_Sea",
      "DCLDE_2026",
      "DOLPHINFREE",
      "DRYAD",
      "ECOSS_annot",
      "ECOSS_testtrain",
      "FREMANTLE",
      "MONISH",
      "OLTREMARE",
      "WATKINS"
    ]
  },
  "ECOSS_testtrain__varA": {
    "held_out": "ECOSS_testtrain",
    "variant": "varA_bg_only",
    "n_train": 162253,
    "n_val": 22667,
    "n_test": 35936,
    "n_test_tursiops": 19,
    "test_prevalence": 0.0005287177203918077,
    "best_val_auc": 0.9968374787314699,
    "best_threshold": 0.9249999999999999,
    "test_auc": 0.9990973340582014,
    "test_ap": 0.8659909776195178,
    "test_f1": 0.4473684210526316,
    "test_recall": 0.8947368421052632,
    "test_precision": 0.2982456140350877,
    "elapsed_s": 32.088152170181274,
    "training_prevalence": 0.04056011291008487,
    "train_datasets": [
      "ALNITAK_CAVANILLES",
      "Adriatic_Sea",
      "DCLDE_2026",
      "DOLPHINFREE",
      "DRYAD",
      "ECOSS_annot",
      "ECOSS_enhanced",
      "FREMANTLE",
      "MONISH",
      "OLTREMARE",
      "WATKINS"
    ]
  },
  "FREMANTLE__varA": {
    "held_out": "FREMANTLE",
    "variant": "varA_bg_only",
    "n_train": 195947,
    "n_val": 24577,
    "n_test": 332,
    "n_test_tursiops": 332,
    "test_prevalence": 1.0,
    "best_val_auc": 0.9936766594273103,
    "best_threshold": 0.9249999999999999,
    "test_auc": NaN,
    "test_ap": 0.9999999999999999,
    "test_f1": 0.5211581291759465,
    "test_recall": 0.35240963855421686,
    "test_precision": 1.0,
    "elapsed_s": 30.23798680305481,
    "training_prevalence": 0.03337637218227378,
    "train_datasets": [
      "ALNITAK_CAVANILLES",
      "Adriatic_Sea",
      "DCLDE_2026",
      "DOLPHINFREE",
      "DRYAD",
      "ECOSS_annot",
      "ECOSS_enhanced",
      "ECOSS_testtrain",
      "MONISH",
      "OLTREMARE",
      "WATKINS"
    ]
  },
  "MONISH__varA": {
    "held_out": "MONISH",
    "variant": "varA_bg_only",
    "n_train": 193137,
    "n_val": 27691,
    "n_test": 28,
    "n_test_tursiops": 28,
    "test_prevalence": 1.0,
    "best_val_auc": 0.9958950827556421,
    "best_threshold": 0.95,
    "test_auc": NaN,
    "test_ap": 1.0,
    "test_f1": 0.0,
    "test_recall": 0.0,
    "test_precision": 0.0,
    "elapsed_s": 63.023791790008545,
    "training_prevalence": 0.03491821867379114,
    "train_datasets": [
      "ALNITAK_CAVANILLES",
      "Adriatic_Sea",
      "DCLDE_2026",
      "DOLPHINFREE",
      "DRYAD",
      "ECOSS_annot",
      "ECOSS_enhanced",
      "ECOSS_testtrain",
      "FREMANTLE",
      "OLTREMARE",
      "WATKINS"
    ]
  },
  "OLTREMARE__varA": {
    "held_out": "OLTREMARE",
    "variant": "varA_bg_only",
    "n_train": 179045,
    "n_val": 24951,
    "n_test": 16860,
    "n_test_tursiops": 2904,
    "test_prevalence": 0.17224199288256228,
    "best_val_auc": 0.9922797195120278,
    "best_threshold": 0.6,
    "test_auc": 0.8869101320600676,
    "test_ap": 0.7795772220411941,
    "test_f1": 0.7119955776672194,
    "test_recall": 0.6652892561983471,
    "test_precision": 0.7657550535077289,
    "elapsed_s": 27.781864166259766,
    "training_prevalence": 0.02058700326733503,
    "train_datasets": [
      "ALNITAK_CAVANILLES",
      "Adriatic_Sea",
      "DCLDE_2026",
      "DOLPHINFREE",
      "DRYAD",
      "ECOSS_annot",
      "ECOSS_enhanced",
      "ECOSS_testtrain",
      "FREMANTLE",
      "MONISH",
      "WATKINS"
    ]
  },
  "WATKINS__varA": {
    "held_out": "WATKINS",
    "variant": "varA_bg_only",
    "n_train": 196540,
    "n_val": 24292,
    "n_test": 24,
    "n_test_tursiops": 24,
    "test_prevalence": 1.0,
    "best_val_auc": 0.995071986481803,
    "best_threshold": 0.95,
    "test_auc": NaN,
    "test_ap": 0.9999999999999999,
    "test_f1": 0.9565217391304348,
    "test_recall": 0.9166666666666666,
    "test_precision": 1.0,
    "elapsed_s": 51.99980306625366,
    "training_prevalence": 0.03253790576981785,
    "train_datasets": [
      "ALNITAK_CAVANILLES",
      "Adriatic_Sea",
      "DCLDE_2026",
      "DOLPHINFREE",
      "DRYAD",
      "ECOSS_annot",
      "ECOSS_enhanced",
      "ECOSS_testtrain",
      "FREMANTLE",
      "MONISH",
      "OLTREMARE"
    ]
  },
  "ALNITAK_CAVANILLES__varB": {
    "held_out": "ALNITAK_CAVANILLES",
    "variant": "varB_vs_all",
    "n_train": 211477,
    "n_val": 30951,
    "n_test": 4786,
    "n_test_tursiops": 58,
    "test_prevalence": 0.01211867948182198,
    "best_val_auc": 0.9966231796083966,
    "best_threshold": 0.9,
    "test_auc": 0.6387332983254564,
    "test_ap": 0.01653432677340353,
    "test_f1": 0.0,
    "test_recall": 0.0,
    "test_precision": 0.0,
    "elapsed_s": 42.11091637611389,
    "training_prevalence": 0.028069246301016187,
    "train_datasets": [
      "Adriatic_Sea",
      "DCLDE_2026",
      "DOLPHINFREE",
      "DRYAD",
      "ECOSS_annot",
      "ECOSS_enhanced",
      "ECOSS_testtrain",
      "FREMANTLE",
      "MONISH",
      "OLTREMARE",
      "WATKINS"
    ]
  },
  "Adriatic_Sea__varB": {
    "held_out": "Adriatic_Sea",