{
  "Adriatic_Sea": {
    "Balaenoptera_acutorostrata": 0.9998871088027954,
    "Balaenoptera_physalus": 0.9998905658721924,
    "Delphinidae_unknown": 0.47649258375167847,
    "Delphinus_delphis": 0.9979292154312134,
    "Globicephala_melas": 0.6990888118743896,
    "Grampus_griseus": 0.9714284539222717,
    "Orcinus_orca": 0.8593335747718811,
    "Physeter_macrocephalus": 0.9639375805854797,
    "Stenella_coeruleoalba": 0.9759176969528198,
    "Tursiops_truncatus": 0.963439404964447,
    "background": 0.0
  },
  "DCLDE_2026": {
    "Balaenoptera_acutorostrata": 0.9999998807907104,
    "Balaenoptera_physalus": 0.998818576335907,
    "Delphinidae_unknown": 0.9981232285499573,
    "Delphinus_delphis": 0.965622067451477,
    "Globicephala_melas": 0.527262270450592,
    "Grampus_griseus": 0.9847891330718994,
    "Orcinus_orca": 0.9935437440872192,
    "Physeter_macrocephalus": 0.9841697216033936,
    "Stenella_coeruleoalba": 0.5009077191352844,
    "Tursiops_truncatus": 0.8779796361923218,
    "background": 0.0
  },
  "DOLPHINFREE": {
    "Balaenoptera_acutorostrata": 0.9980340600013733,
    "Balaenoptera_physalus": 0.9999828338623047,
    "Delphinidae_unknown": 0.9780172109603882,
    "Delphinus_delphis": 0.9963603615760803,
    "Globicephala_melas": 0.9948798418045044,
    "Grampus_griseus": 0.997769832611084,
    "Orcinus_orca": 0.8411062359809875,
    "Physeter_macrocephalus": 0.11120903491973877,
    "Stenella_coeruleoalba": 0.5877387523651123,
    "Tursiops_truncatus": 0.9063867926597595,
    "background": 0.0
  },
  "DRYAD": {
    "Balaenoptera_acutorostrata": 1.0,
    "Balaenoptera_physalus": 1.0,
    "Delphinidae_unknown": 0.998539924621582,
    "Delphinus_delphis": 0.9885708689689636,
    "Globicephala_melas": 0.1810985803604126,
    "Grampus_griseus": 0.9009780883789062,
    "Orcinus_orca": 0.7154437899589539,
    "Physeter_macrocephalus": 0.16145379841327667,
    "Stenella_coeruleoalba": 0.9267550110816956,
    "Tursiops_truncatus": 0.974215030670166,
    "background": 0.0
  },
  "ECOSS_annot": {
    "Balaenoptera_acutorostrata": 0.9999963045120239,
    "Balaenoptera_physalus": 0.9837254881858826,
    "Delphinus_delphis": 0.9850200414657593,
    "Globicephala_melas": 0.8639591336250305,
    "Grampus_griseus": 0.9869077205657959,
    "Orcinus_orca": 0.7613219618797302,
    "Physeter_macrocephalus": 0.9990925788879395,
    "Stenella_coeruleoalba": 0.9999938011169434,
    "Tursiops_truncatus": 0.95697420835495,
    "background": 0.0
  },
  "ECOSS_testtrain": {
    "Balaenoptera_acutorostrata": 1.0,
    "Balaenoptera_physalus": 0.9992237091064453,
    "Delphinidae_unknown": 0.9906593561172485,
    "Delphinus_delphis": 0.9968093037605286,
    "Globicephala_melas": 0.9698187112808228,
    "Grampus_griseus": 0.8794395327568054,
    "Orcinus_orca": 0.8274952173233032,
    "Physeter_macrocephalus": 0.8695670366287231,
    "Stenella_coeruleoalba": 0.9090525507926941,
    "Tursiops_truncatus": 0.8571910858154297,
    "background": 0.0
  },
  "MONISH": {
    "Balaenoptera_acutorostrata": 0.9999997615814209,
    "Balaenoptera_physalus": 1.0,
    "Delphinidae_unknown": 0.9999996423721313,
    "Delphinus_delphis": 0.9998569488525391,
    "Globicephala_melas": 0.9999901056289673,
    "Grampus_griseus": 0.9998817443847656,
    "Orcinus_orca": 0.8014063239097595,
    "Physeter_macrocephalus": 0.928264856338501,
    "Stenella_coeruleoalba": 0.9999992847442627,
    "Tursiops_truncatus": 0.9807934761047363,
    "background": 0.0
  },
  "OLTREMARE": {
    "Balaenoptera_acutorostrata": 0.999997615814209,
    "Balaenoptera_physalus": 1.0,
    "Delphinidae_unknown": 0.9999892711639404,
    "Delphinus_delphis": 0.999101996421814,
    "Globicephala_melas": 0.9445838332176208,
    "Grampus_griseus": 0.9999872446060181,
    "Orcinus_orca": 0.7671635150909424,
    "Physeter_macrocephalus": 0.9860252737998962,
    "Stenella_coeruleoalba": 0.4898923337459564,
    "Tursiops_truncatus": 0.9588255882263184,
    "background": 0.0
  },
  "WATKINS": {
    "Balaenoptera_physalus": 0.9999994039535522,
    "Delphinidae_unknown": 0.9998832941055298,
    "Delphinus_delphis": 0.9958577752113342,
    "Globicephala_melas": 0.9592037200927734,
    "Grampus_griseus": 0.9997352957725525,
    "Orcinus_orca": 0.9017320871353149,
    "Physeter_macrocephalus": 0.9999983310699463,
    "Tursiops_truncatus": 0.9584515690803528,
    "background": 0.0
  }
}