class,n,silhouette
gloMel_clicks+gloMel_whistles+turTru_clicks+turTru_whistles,3,0.4705294072628021
whistles,35,0.05524140223860741
gloMel_clicks+gloMel_whistles,20,-0.002156077418476343
clicks,690,-0.14584700763225555
background,4348,-0.1952299028635025
gloMel_clicks+turTru_clicks,106,-0.23370935022830963
