class,n,silhouette
graGri,45,0.8038490414619446
gloMel_clicks+gloMel_whistles+turTru_clicks+turTru_whistles,3,0.4705294072628021
gloMel,121,0.17314448952674866
delphi,307,0.11620263755321503
phyMac,179,-0.10548573732376099
gloMel_clicks+gloMel_whistles,20,-0.10587593168020248
gloMel_clicks+turTru_clicks,106,-0.2374848574399948
steCoe,15,-0.24557456374168396
background,4348,-0.409103661775589
turTru,58,-0.46388116478919983
