time,signal_amplitude,TK_amplitude
0.004052734375,0.119702816,0.119702816
0.129916015625,0.2468015,0.2468015
0.296099609375,0.1019392,0.1019392
26.657484375,0.05762875,0.05762875
