time,signal_amplitude,TK_amplitude
38.133861328125,-0.00891149,-0.00891149
38.15723046875,0.008484721,0.008484721
38.19361328125,-0.089530945,-0.089530945
38.229474609375,-0.091715455,-0.091715455
43.824306640625,0.08371031,0.08371031
52.883560546875,0.041298628,0.041298628
