time,signal_amplitude,TK_amplitude
4.41414453125,0.03968346,0.03968346
4.517349609375,0.1872133,0.1872133
4.700279296875,0.28704333,0.28704333
4.884326171875,0.058472633,0.058472633
