time,signal_amplitude,TK_amplitude
0.13830859375,0.05234325,0.05234325
39.73857421875,0.03569269,0.03569269
40.173158203125,0.04953718,0.04953718
47.78619921875,0.04625559,0.04625559
