time,signal_amplitude,TK_amplitude
25.04079296875,0.19486785,0.19486785
25.049353515625,-0.12236595,-0.12236595
25.07939453125,0.10140967,0.10140967
