time,signal_amplitude,TK_amplitude
53.40295703125,0.091912985,0.091912985
53.53183984375,0.11513376,0.11513376
53.643099609375,0.096936464,0.096936464
53.751474609375,0.09471059,0.09471059
53.871419921875,0.063411355,0.063411355
