time,signal_amplitude,TK_amplitude
2.4747265625,0.04790294,0.04790294
2.60121484375,0.05314982,0.05314982
5.0828203125,0.034859538,0.034859538
5.31056640625,0.05273533,0.05273533
32.97265625,0.07960665,0.07960665
33.03011328125,-0.059085727,-0.059085727
33.066837890625,0.018672228,0.018672228
33.1136953125,0.074973226,0.074973226
33.150310546875,0.0419662,0.0419662
33.19622265625,0.20604992,0.20604992
33.241515625,0.1703881,0.1703881
36.14538671875,0.13512981,0.13512981
