time,signal_amplitude,TK_amplitude
19.64506640625,0.04961586,0.04961586
20.121125,0.039059997,0.039059997
20.386283203125,0.07034528,0.07034528
20.61728125,0.08722806,0.08722806
20.835984375,0.106143594,0.106143594
21.035640625,0.078920245,0.078920245
21.238181640625,0.07638478,0.07638478
21.455634765625,0.05803752,0.05803752
21.675443359375,0.045410275,0.045410275
53.193826171875,0.004246354,0.004246354
