time,signal_amplitude,TK_amplitude
16.507294921875,0.06444764,0.06444764
27.9341875,0.052204728,0.052204728
28.0145234375,0.054325342,0.054325342
28.62200390625,0.036275744,0.036275744
28.732611328125,-0.006033778,-0.006033778
28.788662109375,-0.045010567,-0.045010567
