time,signal_amplitude,TK_amplitude
54.597869140625,0.2527386,0.2527386
54.64575,-0.6958667,-0.6958667
