time,signal_amplitude,TK_amplitude
13.43369140625,-0.03772056,-0.03772056
13.647279296875,0.0598197,0.0598197
13.825900390625,0.057591915,0.057591915
14.052029296875,-0.042290926,-0.042290926
14.24583203125,0.041371822,0.041371822
