time,signal_amplitude,TK_amplitude
0.7971796875,0.093178034,0.093178034
13.8841328125,0.09986317,0.09986317
13.93481640625,0.03089559,0.03089559
