time,signal_amplitude,TK_amplitude
3.38930859375,0.05711925,0.05711925
3.50462109375,0.17385578,0.17385578
3.625740234375,0.07444,0.07444
