time,signal_amplitude,TK_amplitude
37.971701171875,0.055330396,0.055330396
38.0463125,0.041717768,0.041717768
38.1171328125,0.061029196,0.061029196
38.258939453125,0.045194864,0.045194864
