time,signal_amplitude,TK_amplitude
5.8882421875,0.071324706,0.071324706
6.00832421875,-0.055515885,-0.055515885
23.970751953125,0.05150318,0.05150318
24.122685546875,0.04877591,0.04877591
24.1967734375,0.052182198,0.052182198
39.892984375,0.041981936,0.041981936
52.2935546875,0.05092585,0.05092585
52.352103515625,0.040962458,0.040962458
56.3462265625,0.049251676,0.049251676
56.3883203125,0.026559591,0.026559591
