time,signal_amplitude,TK_amplitude
52.206625,0.5235336,0.5235336
58.165560546875,0.08602762,0.08602762
