time,signal_amplitude,TK_amplitude
9.131869140625,0.21090937,0.21090937
