time,signal_amplitude,TK_amplitude
10.041986328125,0.035811186,0.035811186
