time,signal_amplitude,TK_amplitude
2.09486328125,0.029966116,0.029966116
2.20725390625,0.039720297,0.039720297
2.30959375,0.043197036,0.043197036
2.409369140625,0.025900722,0.025900722
2.71825,0.035425067,0.035425067
2.81136328125,0.054929256,0.054929256
25.601939453125,0.06290305,0.06290305
26.148888671875,-0.04589832,-0.04589832
59.547982421875,-0.047839522,-0.047839522
