time,signal_amplitude,TK_amplitude
54.716775390625,0.2595805,0.2595805
54.7984765625,-0.6355194,-0.6355194
