time,signal_amplitude,TK_amplitude
15.915447265625,0.010552287,0.010552287
16.0234453125,0.021057963,0.021057963
16.08118359375,-0.036444068,-0.036444068
