time,signal_amplitude,TK_amplitude
15.6018203125,-0.04221332,-0.04221332
15.685515625,-0.0560534,-0.0560534
15.77318359375,-0.044787884,-0.044787884
15.861646484375,-0.040786386,-0.040786386
