time,signal_amplitude,TK_amplitude
2.53478515625,0.04615867,0.04615867
24.7146640625,0.027006745,0.027006745
27.47758984375,-0.031226873,-0.031226873
29.96571875,0.10324824,0.10324824
29.968466796875,0.06275296,0.06275296
30.136865234375,0.04941094,0.04941094
35.210439453125,0.051429868,0.051429868
36.076078125,0.088226795,0.088226795
36.955662109375,0.036172867,0.036172867
40.081916015625,-0.0417192,-0.0417192
40.1281484375,0.097323656,0.097323656
