time,signal_amplitude,TK_amplitude
28.836201171875,-0.11753428,-0.11753428
28.844033203125,0.0045933723,0.0045933723
