time,signal_amplitude,TK_amplitude
4.09640234375,-0.060107946,-0.060107946
17.82594921875,0.18295991,0.18295991
17.980212890625,0.103488445,0.103488445
30.08148828125,0.03819871,0.03819871
30.15100390625,0.07956982,0.07956982
30.15303125,0.05532515,0.05532515
35.651240234375,0.046660066,0.046660066
35.775755859375,0.055348516,0.055348516
35.92309375,0.0471251,0.0471251
36.06496875,-0.025102973,-0.025102973
36.398427734375,0.09317148,0.09317148
