time,signal_amplitude,TK_amplitude
27.890701171875,-0.18887532,-0.18887532
