time,signal_amplitude,TK_amplitude
23.603001953125,0.04222238,0.04222238
