time,signal_amplitude,TK_amplitude
50.63266796875,0.06261253,0.06261253
50.648892578125,0.052901983,0.052901983
50.668865234375,0.12494624,0.12494624
50.696109375,0.06333053,0.06333053
50.724876953125,-0.12335312,-0.12335312
50.749763671875,-0.062158227,-0.062158227
50.7735,0.06859553,0.06859553
