time,signal_amplitude,TK_amplitude
34.818533203125,-0.02340877,-0.02340877
