time,signal_amplitude,TK_amplitude
17.623931640625,0.04633534,0.04633534
35.48073828125,0.067346096,0.067346096
