time,signal_amplitude,TK_amplitude
59.550595703125,-0.066118,-0.066118
