time,signal_amplitude,TK_amplitude
1.556720703125,0.09764373,0.09764373
1.71425,0.14987719,0.14987719
3.60036328125,-0.0687201,-0.0687201
3.86592578125,0.13208759,0.13208759
4.267861328125,0.11087167,0.11087167
4.36776171875,0.16861296,0.16861296
4.59625,-0.0607208,-0.0607208
4.75216796875,0.111688256,0.111688256
4.856216796875,0.0835855,0.0835855
13.467265625,0.018939614,0.018939614
