time,signal_amplitude,TK_amplitude
10.10330859375,0.9999999,0.9999999
10.105732421875,0.80205667,0.80205667
10.408392578125,-0.07531905,-0.07531905
