time,signal_amplitude,TK_amplitude
59.2088203125,0.08086538,0.08086538
59.3716328125,0.24171042,0.24171042
