time,signal_amplitude,TK_amplitude
15.5883359375,0.07107258,0.07107258
22.322287109375,-0.045498848,-0.045498848
35.715166015625,0.046510696,0.046510696
