time,signal_amplitude,TK_amplitude
8.829609375,-0.02072525,-0.02072525
