time,signal_amplitude,TK_amplitude
12.01126171875,0.08569121,0.08569121
12.09655078125,-0.036607623,-0.036607623
24.567419921875,0.041558146,0.041558146
