{
  "loss": [
    0.48491156101226807,
    0.2270437330007553,
    0.18056906759738922,
    0.1592891365289688,
    0.14881227910518646,
    0.1312488317489624,
    0.12551315128803253
  ],
  "sparse_categorical_accuracy": [
    0.8554043173789978,
    0.9173886179924011,
    0.9333745837211609,
    0.9389439225196838,
    0.9432755708694458,
    0.9474009871482849,
    0.9511138796806335
  ],
  "val_loss": [
    0.4348744750022888,
    0.4139384627342224,
    0.5486956834793091,
    0.4570317566394806,
    0.41494089365005493,
    0.4241482615470886,
    0.42180508375167847
  ],
  "val_sparse_categorical_accuracy": [
    0.8014042377471924,
    0.8164493441581726,
    0.7552657723426819,
    0.7983951568603516,
    0.7993981838226318,
    0.7973921895027161,
    0.7933801412582397
  ],
  "learning_rate": [
    0.0010000000474974513,
    0.0010000000474974513,
    0.0010000000474974513,
    0.0010000000474974513,
    0.0010000000474974513,
    0.0005000000237487257,
    0.0005000000237487257
  ]
}