{
  "Balaenoptera_physalus": {
    "precision": 1.0,
    "recall": 1.0,
    "f1-score": 1.0,
    "support": 50.0
  },
  "Delphinids": {
    "precision": 0.6844106463878327,
    "recall": 0.9473684210526315,
    "f1-score": 0.7947019867549668,
    "support": 190.0
  },
  "Delphinus_delphis": {
    "precision": 0.9166666666666666,
    "recall": 0.9705882352941176,
    "f1-score": 0.9428571428571428,
    "support": 102.0
  },
  "Globicephala_melas": {
    "precision": 0.7368421052631579,
    "recall": 0.9333333333333333,
    "f1-score": 0.8235294117647058,
    "support": 30.0
  },
  "Grampus_griseus": {
    "precision": 0.52,
    "recall": 0.8125,
    "f1-score": 0.6341463414634146,
    "support": 16.0
  },
  "Orcinus_orca": {
    "precision": 0.9029126213592233,
    "recall": 0.9029126213592233,
    "f1-score": 0.9029126213592233,
    "support": 103.0
  },
  "Physeter_macrocephalus": {
    "precision": 0.68,
    "recall": 0.6666666666666666,
    "f1-score": 0.6732673267326733,
    "support": 51.0
  },
  "Stenella_coeruleoalba": {
    "precision": 0.3125,
    "recall": 0.6666666666666666,
    "f1-score": 0.425531914893617,
    "support": 15.0
  },
  "Tursiops_truncatus": {
    "precision": 0.9814814814814815,
    "recall": 0.6463414634146342,
    "f1-score": 0.7794117647058824,
    "support": 82.0
  },
  "background": {
    "precision": 0.8865671641791045,
    "recall": 0.7088305489260143,
    "f1-score": 0.7877984084880637,
    "support": 419.0
  },
  "accuracy": 0.8100189035916824,
  "macro avg": {
    "precision": 0.7621380685337467,
    "recall": 0.8255207956713286,
    "f1-score": 0.776415691901969,
    "support": 1058.0
  },
  "weighted avg": {
    "precision": 0.8395878159207082,
    "recall": 0.8100189035916824,
    "f1-score": 0.8126048583368428,
    "support": 1058.0
  }
}