{
  "loss": [
    1.3095284700393677,
    0.6040568947792053,
    0.4318416118621826,
    0.3773356080055237,
    0.32687312364578247,
    0.2957085967063904,
    0.26837751269340515,
    0.2628650367259979,
    0.23628053069114685,
    0.2261943817138672,
    0.21461600065231323,
    0.2114143818616867,
    0.19772124290466309,
    0.19411730766296387,
    0.18806254863739014,
    0.18128491938114166,
    0.17500679194927216,
    0.17271609604358673,
    0.16287179291248322,
    0.16146555542945862,
    0.15788115561008453,
    0.15249402821063995,
    0.1484546661376953,
    0.1553264707326889,
    0.14239223301410675,
    0.14389781653881073,
    0.13850557804107666,
    0.14003269374370575,
    0.13276788592338562,
    0.13266845047473907
  ],
  "sparse_categorical_accuracy": [
    0.6867780685424805,
    0.8356022834777832,
    0.8795379400253296,
    0.8885107040405273,
    0.8985148668289185,
    0.9044967293739319,
    0.9131600856781006,
    0.9110973477363586,
    0.9201732873916626,
    0.9232673048973083,
    0.9271864891052246,
    0.9241955280303955,
    0.9301773905754089,
    0.9332714676856995,
    0.9333745837211609,
    0.9346122145652771,
    0.9393564462661743,
    0.9380156993865967,
    0.9395626783370972,
    0.9405940771102905,
    0.9436880946159363,
    0.9431724548339844,
    0.9449257254600525,
    0.9417285323143005,
    0.9482260942459106,
    0.9458539485931396,
    0.9500824809074402,
    0.9491543173789978,
    0.9525577425956726,
    0.9511138796806335
  ],
  "val_loss": [
    0.9418405294418335,
    0.7071382999420166,
    0.6617761850357056,
    0.5887840390205383,
    0.5188760161399841,
    0.5674388408660889,
    0.4913572371006012,
    0.49030137062072754,
    0.5162916779518127,
    0.4620037078857422,
    0.492473304271698,
    0.45915281772613525,
    0.45315828919410706,
    0.4705387353897095,
    0.4420959949493408,
    0.4564334452152252,
    0.4139787554740906,
    0.4323800504207611,
    0.4561648666858673,
    0.4347541928291321,
    0.4386242926120758,
    0.4207822382450104,
    0.44352883100509644,
    0.4291122555732727,
    0.4353460371494293,
    0.43829119205474854,
    0.4243481159210205,
    0.4527549743652344,
    0.4338262975215912,
    0.41460737586021423
  ],
  "val_sparse_categorical_accuracy": [
    0.7261785268783569,
    0.7502507567405701,
    0.7392176389694214,
    0.7592778205871582,
    0.7783349752426147,
    0.7462387084960938,
    0.7673019170761108,
    0.7673019170761108,
    0.7592778205871582,
    0.776328980922699,
    0.7632898688316345,
    0.7713139653205872,
    0.7743229866027832,
    0.7753259539604187,
    0.7843530774116516,
    0.7723169326782227,
    0.7863590717315674,
    0.7863590717315674,
    0.7803410291671753,
    0.7893680930137634,
    0.791374146938324,
    0.791374146938324,
    0.7833500504493713,
    0.7933801412582397,
    0.7893680930137634,
    0.791374146938324,
    0.79438316822052,
    0.7873620986938477,
    0.791374146938324,
    0.8074222803115845
  ],
  "val_macro_f1": [
    0.7051693316487981,
    0.7460217654140201,
    0.7435845945993835,
    0.7533615602213537,
    0.7655044561473118,
    0.7590347890384002,
    0.7664151430968565,
    0.7776540323204746,
    0.772439226251284,
    0.7823181780010526,
    0.7777318740129104,
    0.782991825887257,
    0.7836773149986659,
    0.7844454920439455,
    0.7877606508789655,
    0.7871454845207355,
    0.7934987980773415,
    0.7910856302431793,
    0.7903203471164958,
    0.7992603843099363,
    0.7950032525923131,
    0.8006756186393511,
    0.798707474041666,
    0.8029678175584584,
    0.8036202965659761,
    0.8079849364581764,
    0.8073605318127116,
    0.8016028893743181,
    0.8036809711637725,
    0.8115547109312837
  ],
  "learning_rate": [
    9.999999747378752e-05,
    9.999999747378752e-05,
    9.999999747378752e-05,
    9.999999747378752e-05,
    9.999999747378752e-05,
    9.999999747378752e-05,
    9.999999747378752e-05,
    9.999999747378752e-05,
    9.999999747378752e-05,
    9.999999747378752e-05,
    9.999999747378752e-05,
    9.999999747378752e-05,
    9.999999747378752e-05,
    9.999999747378752e-05,
    9.999999747378752e-05,
    9.999999747378752e-05,
    9.999999747378752e-05,
    9.999999747378752e-05,
    9.999999747378752e-05,
    9.999999747378752e-05,
    9.999999747378752e-05,
    9.999999747378752e-05,
    9.999999747378752e-05,
    9.999999747378752e-05,
    9.999999747378752e-05,
    9.999999747378752e-05,
    9.999999747378752e-05,
    9.999999747378752e-05,
    9.999999747378752e-05,
    9.999999747378752e-05
  ]
}