{
  "loss": [
    0.6992841362953186,
    0.3028021454811096,
    0.23618893325328827,
    0.210013747215271,
    0.1880335509777069,
    0.18607065081596375,
    0.15738186240196228,
    0.15775011479854584,
    0.15225227177143097,
    0.1390238106250763,
    0.13871212303638458,
    0.12918029725551605,
    0.12722568213939667,
    0.12317237257957458,
    0.12427665293216705,
    0.12598790228366852,
    0.12042643129825592,
    0.1141911968588829,
    0.11259697377681732,
    0.11245926469564438,
    0.10910911858081818,
    0.1130642369389534,
    0.10930386930704117,
    0.11240623891353607,
    0.11207739263772964,
    0.11461252719163895,
    0.11037910729646683,
    0.10876891762018204,
    0.11040418595075607,
    0.10981250554323196
  ],
  "sparse_categorical_accuracy": [
    0.8132219314575195,
    0.9032590985298157,
    0.9205858111381531,
    0.9259488582611084,
    0.9363654851913452,
    0.9334776997566223,
    0.9470915794372559,
    0.9459571242332458,
    0.9464727640151978,
    0.9505981802940369,
    0.9527640342712402,
    0.9561675190925598,
    0.9567862749099731,
    0.9584364891052246,
    0.958230197429657,
    0.9564769268035889,
    0.958230197429657,
    0.9601897597312927,
    0.9632838368415833,
    0.9628713130950928,
    0.9637994766235352,
    0.9634901285171509,
    0.9631807208061218,
    0.9613242745399475,
    0.9622524976730347,
    0.9636963605880737,
    0.9635932445526123,
    0.9619430899620056,
    0.9624587297439575,
    0.9641088843345642
  ],
  "val_loss": [
    0.5447229146957397,
    0.4839756190776825,
    0.5078046321868896,
    0.5146920680999756,
    0.4124647080898285,
    0.452212929725647,
    0.38338297605514526,
    0.45270445942878723,
    0.4385290741920471,
    0.44178855419158936,
    0.43158724904060364,
    0.41258808970451355,
    0.40399062633514404,
    0.4022912085056305,
    0.41298067569732666,
    0.4198357164859772,
    0.41334691643714905,
    0.4089961051940918,
    0.4178197383880615,
    0.4076269865036011,
    0.4152630567550659,
    0.4135074019432068,
    0.4385063648223877,
    0.4076361656188965,
    0.41355013847351074,
    0.4149203896522522,
    0.42250826954841614,
    0.4186507761478424,
    0.4159873127937317,
    0.41720065474510193
  ],
  "val_sparse_categorical_accuracy": [
    0.7713139653205872,
    0.791374146938324,
    0.7652958631515503,
    0.7683049440383911,
    0.8124372959136963,
    0.7853560447692871,
    0.8184553384780884,
    0.7883650660514832,
    0.80842524766922,
    0.8004012107849121,
    0.7933801412582397,
    0.8104313015937805,
    0.8154463171958923,
    0.8194583654403687,
    0.8164493441581726,
    0.8054162263870239,
    0.8114343285560608,
    0.8134403228759766,
    0.8114343285560608,
    0.8204613924026489,
    0.8104313015937805,
    0.8134403228759766,
    0.8044132590293884,
    0.8174523711204529,
    0.8114343285560608,
    0.8094282746315002,
    0.8114343285560608,
    0.8114343285560608,
    0.8104313015937805,
    0.8104313015937805
  ],
  "val_macro_f1": [
    0.7576641069651565,
    0.7827799333896138,
    0.7837969185909752,
    0.7840048669779668,
    0.8049900216502822,
    0.8003223024383234,
    0.8214156470469309,
    0.7957727378337719,
    0.8073843544568969,
    0.7978572528632764,
    0.8032493018446967,
    0.8142836953011813,
    0.8125777588420939,
    0.8228875737154567,
    0.815424139629642,
    0.8084254645491805,
    0.8090962090035067,
    0.8152963164353743,
    0.8140517291911802,
    0.8234327860540971,
    0.8144680510486829,
    0.8202299032490192,
    0.8145806586595284,
    0.8194449369196442,
    0.816501299981421,
    0.81377703588751,
    0.8157804084589799,
    0.8157804084589799,
    0.8146176512563066,
    0.8146176512563066
  ],
  "learning_rate": [
    0.0003000000142492354,
    0.0003000000142492354,
    0.0003000000142492354,
    0.0003000000142492354,
    0.0003000000142492354,
    0.0003000000142492354,
    0.0003000000142492354,
    0.0003000000142492354,
    0.0003000000142492354,
    0.0003000000142492354,
    0.0003000000142492354,
    9.000000136438757e-05,
    9.000000136438757e-05,
    9.000000136438757e-05,
    9.000000136438757e-05,
    9.000000136438757e-05,
    9.000000136438757e-05,
    9.000000136438757e-05,
    2.700000004551839e-05,
    2.700000004551839e-05,
    2.700000004551839e-05,
    2.700000004551839e-05,
    2.700000004551839e-05,
    2.700000004551839e-05,
    8.099999831756577e-06,
    8.099999831756577e-06,
    8.099999831756577e-06,
    8.099999831756577e-06,
    2.429999995001708e-06,
    2.429999995001708e-06
  ]
}