{
  "loss": [
    0.806914746761322,
    0.3474227488040924,
    0.2705189287662506,
    0.2390253096818924,
    0.21285071969032288,
    0.20635324716567993,
    0.1790289580821991,
    0.17352505028247833,
    0.16227978467941284,
    0.151968851685524,
    0.14439363777637482,
    0.14657804369926453,
    0.14159990847110748,
    0.13417278230190277,
    0.1360485702753067,
    0.12937331199645996,
    0.12963153421878815,
    0.12107544392347336,
    0.12304521352052689,
    0.11826872080564499,
    0.11581165343523026,
    0.11541536450386047,
    0.10812237858772278,
    0.10451926290988922,
    0.10839666426181793,
    0.10477314889431,
    0.09903642535209656,
    0.10528721660375595,
    0.10279568284749985,
    0.09701469540596008
  ],
  "sparse_categorical_accuracy": [
    0.787953794002533,
    0.8927392959594727,
    0.9118192791938782,
    0.9187293648719788,
    0.9265676736831665,
    0.9300742745399475,
    0.9381188154220581,
    0.9403877854347229,
    0.9421411156654358,
    0.9468852877616882,
    0.9479166865348816,
    0.9454414248466492,
    0.9500824809074402,
    0.9528671503067017,
    0.9511138796806335,
    0.9537953734397888,
    0.9545173048973083,
    0.9561675190925598,
    0.9560643434524536,
    0.9589521288871765,
    0.9575082659721375,
    0.9595709443092346,
    0.9609116911888123,
    0.9637994766235352,
    0.9595709443092346,
    0.9619430899620056,
    0.9649339914321899,
    0.9630775451660156,
    0.9637994766235352,
    0.9662747383117676
  ],
  "val_loss": [
    0.6122782826423645,
    0.539931058883667,
    0.4976809024810791,
    0.5141282677650452,
    0.4508877098560333,
    0.45741361379623413,
    0.4238942861557007,
    0.46952930092811584,
    0.5335850119590759,
    0.43708938360214233,
    0.4744081199169159,
    0.38258031010627747,
    0.431050181388855,
    0.42577704787254333,
    0.41711828112602234,
    0.4261036217212677,
    0.3852211833000183,
    0.399912029504776,
    0.43715181946754456,
    0.4234391152858734,
    0.40341252088546753,
    0.4495457708835602,
    0.4035608172416687,
    0.4064677953720093,
    0.42304685711860657,
    0.42208224534988403,
    0.40933677554130554,
    0.4158218204975128,
    0.4318988025188446,
    0.4184941053390503
  ],
  "val_sparse_categorical_accuracy": [
    0.7612838745117188,
    0.7612838745117188,
    0.7933801412582397,
    0.7673019170761108,
    0.7843530774116516,
    0.7843530774116516,
    0.7973921895027161,
    0.7803410291671753,
    0.7642928957939148,
    0.7933801412582397,
    0.7853560447692871,
    0.8154463171958923,
    0.7993981838226318,
    0.8074222803115845,
    0.7993981838226318,
    0.7983951568603516,
    0.8154463171958923,
    0.8134403228759766,
    0.8004012107849121,
    0.7993981838226318,
    0.8164493441581726,
    0.8014042377471924,
    0.8134403228759766,
    0.8274824619293213,
    0.8144433498382568,
    0.8074222803115845,
    0.8114343285560608,
    0.8164493441581726,
    0.8144433498382568,
    0.8094282746315002
  ],
  "val_macro_f1": [
    0.7508405490472074,
    0.7590903526919184,
    0.7703835463839985,
    0.7826676611792529,
    0.7951615529765729,
    0.7922272343661831,
    0.7979040251108918,
    0.7969301141575672,
    0.7899948892901089,
    0.8065016225232788,
    0.8038539321526684,
    0.8091679163881867,
    0.8056156395520437,
    0.8116375367679078,
    0.8086745318993028,
    0.8065374355880804,
    0.8185714056092083,
    0.814202628000095,
    0.808474692053623,
    0.8064886103950609,
    0.8114876271498226,
    0.8075169955724075,
    0.815529955158237,
    0.8208832232369652,
    0.8213091354155593,
    0.8161960710957471,
    0.8162558822358779,
    0.8184865604909554,
    0.8229179065215376,
    0.8135580883691521
  ],
  "learning_rate": [
    0.0003000000142492354,
    0.0003000000142492354,
    0.0003000000142492354,
    0.0003000000142492354,
    0.0003000000142492354,
    0.0003000000142492354,
    0.0003000000142492354,
    0.0003000000142492354,
    0.0003000000142492354,
    0.0003000000142492354,
    0.0003000000142492354,
    0.0003000000142492354,
    0.0003000000142492354,
    0.0003000000142492354,
    0.0003000000142492354,
    0.0003000000142492354,
    0.0003000000142492354,
    0.0003000000142492354,
    0.0003000000142492354,
    0.0003000000142492354,
    0.0003000000142492354,
    0.0003000000142492354,
    0.0001500000071246177,
    0.0001500000071246177,
    0.0001500000071246177,
    0.0001500000071246177,
    0.0001500000071246177,
    0.0001500000071246177,
    0.0001500000071246177,
    0.0001500000071246177
  ]
}