{
    "1": [
        [
            17.919999999999998,
            17.983999999999998,
            17.989333333333335,
            18.02133333333333,
            17.941333333333333,
            17.957333333333334,
            17.973333333333333,
            17.978666666666665,
            17.936,
            18.016,
            18.026666666666667,
            17.962666666666667,
            17.968,
            18.0,
            18.010666666666665
        ],
        [
            14437.5,
            14437.5,
            14437.5,
            14437.5,
            14625.0,
            14625.0,
            14625.0,
            14625.0,
            14812.5,
            14812.5,
            14812.5,
            15000.0,
            15000.0,
            15000.0,
            15000.0
        ]
    ],
    "2": [
        [
            18.416,
            18.394666666666666,
            18.4,
            18.421333333333333,
            18.442666666666668,
            18.448,
            18.453333333333333,
            18.506666666666668,
            18.485333333333333,
            18.490666666666666,
            18.50133333333333,
            18.464,
            18.474666666666668,
            18.48,
            18.496,
            18.512,
            18.528,
            18.517333333333333
        ],
        [
            18375.0,
            18562.5,
            18562.5,
            18562.5,
            18937.5,
            19125.0,
            19125.0,
            19125.0,
            19312.5,
            19312.5,
            19312.5,
            19500.0,
            19500.0,
            19500.0,
            19500.0,
            19500.0,
            19687.5,
            19875.0
        ]
    ],
    "3": [
        [
            26.981333333333332,
            26.986666666666665,
            27.023999999999997,
            27.04,
            26.991999999999997,
            27.013333333333332,
            27.002666666666666,
            27.045333333333332,
            27.050666666666665,
            27.061333333333334,
            27.066666666666666,
            27.077333333333332,
            27.072
        ],
        [
            13312.5,
            13687.5,
            13875.0,
            13875.0,
            14062.5,
            14062.5,
            14250.0,
            14250.0,
            14250.0,
            14437.5,
            14437.5,
            14625.0,
            14812.5
        ]
    ],
    "4": [
        [
            27.173333333333332,
            27.189333333333334,
            27.168,
            27.205333333333332,
            27.2,
            27.226666666666667,
            27.178666666666665,
            27.183999999999997,
            27.194666666666667,
            27.237333333333332,
            27.242666666666665,
            27.247999999999998,
            27.253333333333334,
            27.269333333333332,
            27.274666666666665,
            27.258666666666667,
            27.279999999999998,
            27.285333333333334,
            27.296,
            27.301333333333332,
            27.333333333333332,
            27.365333333333332,
            27.311999999999998,
            27.322666666666667,
            27.338666666666665,
            27.381333333333334,
            27.290666666666667,
            27.328,
            27.354666666666667,
            27.370666666666665,
            27.36
        ],
        [
            6562.5,
            6562.5,
            6750.0,
            6750.0,
            6937.5,
            6937.5,
            7125.0,
            7125.0,
            7125.0,
            7125.0,
            7312.5,
            7312.5,
            7312.5,
            7312.5,
            7312.5,
            7500.0,
            7500.0,
            7500.0,
            7500.0,
            7500.0,
            7500.0,
            7500.0,
            7687.5,
            7687.5,
            7687.5,
            7687.5,
            7875.0,
            7875.0,
            7875.0,
            7875.0,
            8062.5
        ]
    ],
    "5": [
        [
            30.938666666666666,
            30.912,
            30.949333333333332,
            30.906666666666666,
            30.927999999999997,
            30.933333333333334,
            30.954666666666665,
            30.991999999999997,
            30.997333333333334,
            30.895999999999997,
            30.959999999999997,
            30.965333333333334,
            30.970666666666666,
            30.981333333333332
        ],
        [
            10687.5,
            10875.0,
            10875.0,
            11062.5,
            11062.5,
            11062.5,
            11062.5,
            11062.5,
            11062.5,
            11250.0,
            11250.0,
            11250.0,
            11250.0,
            11437.5
        ]
    ],
    "6": [
        [
            34.976,
            34.99733333333333,
            35.04533333333333,
            35.007999999999996,
            35.01866666666667,
            35.04,
            35.013333333333335,
            35.024,
            35.050666666666665,
            35.056,
            35.029333333333334
        ],
        [
            9562.5,
            9750.0,
            9750.0,
            9937.5,
            9937.5,
            9937.5,
            10125.0,
            10125.0,
            10125.0,
            10125.0,
            10312.5
        ]
    ],
    "7": [
        [
            35.18933333333333,
            35.21066666666667,
            35.216,
            35.242666666666665,
            35.199999999999996,
            35.205333333333336,
            35.232,
            35.23733333333333,
            35.248,
            35.22666666666667,
            35.25866666666666
        ],
        [
            4875.0,
            4875.0,
            4875.0,
            4875.0,
            5062.5,
            5062.5,
            5062.5,
            5250.0,
            5250.0,
            5437.5,
            5437.5
        ]
    ],
    "8": [
        [
            44.14933333333333,
            44.117333333333335,
            44.144,
            43.989333333333335,
            44.053333333333335,
            44.05866666666667,
            44.06933333333333,
            44.090666666666664,
            44.0,
            44.010666666666665,
            44.02133333333333,
            44.04266666666666,
            44.064,
            44.074666666666666,
            44.08533333333333,
            44.10666666666666,
            43.99466666666667,
            44.026666666666664,
            44.032,
            44.03733333333333,
            44.096
        ],
        [
            4875.0,
            5250.0,
            5250.0,
            5437.5,
            5437.5,
            5437.5,
            5437.5,
            5437.5,
            5625.0,
            5625.0,
            5625.0,
            5625.0,
            5625.0,
            5625.0,
            5625.0,
            5625.0,
            5812.5,
            5812.5,
            5812.5,
            5812.5,
            5812.5
        ]
    ],