{
    "1": [
        [
            11.482666666666667,
            11.44,
            11.488,
            11.493333333333332,
            11.466666666666667,
            11.498666666666667,
            11.504,
            11.509333333333332,
            11.514666666666667,
            11.52,
            11.525333333333332,
            11.530666666666667,
            11.6,
            11.610666666666667,
            11.536,
            11.541333333333332,
            11.546666666666667,
            11.616,
            11.637333333333332,
            11.664,
            11.552,
            11.557333333333332,
            11.562666666666667,
            11.568,
            11.594666666666667,
            11.632,
            11.573333333333332,
            11.578666666666667,
            11.584,
            11.642666666666667,
            11.653333333333332,
            11.658666666666667,
            11.589333333333332,
            11.669333333333332,
            11.68,
            11.717333333333332,
            11.728,
            11.706666666666667,
            11.722666666666667
        ],
        [
            12000.0,
            12187.5,
            12187.5,
            12187.5,
            12375.0,
            12375.0,
            12562.5,
            12562.5,
            12750.0,
            12750.0,
            12750.0,
            12750.0,
            12750.0,
            12750.0,
            12937.5,
            12937.5,
            12937.5,
            12937.5,
            12937.5,
            12937.5,
            13125.0,
            13125.0,
            13125.0,
            13125.0,
            13125.0,
            13125.0,
            13312.5,
            13312.5,
            13312.5,
            13312.5,
            13312.5,
            13312.5,
            13500.0,
            13500.0,
            13687.5,
            13875.0,
            13875.0,
            14062.5,
            14250.0
        ]
    ],
    "2": [
        [
            17.349333333333334,
            17.365333333333332,
            17.317333333333334,
            17.344,
            17.354666666666667,
            17.36,
            17.392,
            17.370666666666665,
            17.375999999999998,
            17.381333333333334,
            17.439999999999998,
            17.386666666666667,
            17.413333333333334,
            17.434666666666665,
            17.445333333333334,
            17.456,
            17.407999999999998,
            17.424,
            17.429333333333332,
            17.450666666666667,
            17.466666666666665,
            17.461333333333332,
            17.471999999999998
        ],
        [
            6000.0,
            6000.0,
            6187.5,
            6187.5,
            6187.5,
            6187.5,
            6375.0,
            6562.5,
            6562.5,
            6562.5,
            6562.5,
            6750.0,
            6750.0,
            6750.0,
            6750.0,
            6750.0,
            6937.5,
            6937.5,
            6937.5,
            6937.5,
            6937.5,
            7125.0,
            7125.0
        ]
    ],
    "3": [
        [
            17.866666666666667,
            17.877333333333333,
            17.882666666666665,
            17.887999999999998,
            17.930666666666667,
            17.957333333333334,
            17.994666666666667,
            18.02133333333333,
            17.872,
            17.898666666666667,
            17.925333333333334,
            17.936,
            17.941333333333333,
            17.946666666666665,
            17.968,
            18.016,
            17.904,
            17.962666666666667,
            17.989333333333335,
            18.032,
            18.037333333333333,
            17.983999999999998,
            18.005333333333333,
            18.010666666666665
        ],
        [
            4875.0,
            4875.0,
            4875.0,
            4875.0,
            4875.0,
            4875.0,
            4875.0,
            4875.0,
            5062.5,
            5062.5,
            5062.5,
            5062.5,
            5062.5,
            5062.5,
            5062.5,
            5062.5,
            5250.0,
            5250.0,
            5250.0,
            5250.0,
            5250.0,
            5437.5,
            5437.5,
            5437.5
        ]
    ],
    "4": [
        [
            25.04,
            25.024,
            25.045333333333332,
            25.061333333333334,
            25.066666666666666,
            25.072,
            25.056,
            25.087999999999997,
            25.093333333333334,
            25.050666666666665,
            25.104
        ],
        [
            10687.5,
            10875.0,
            10875.0,
            10875.0,
            10875.0,
            10875.0,
            11062.5,
            11062.5,
            11062.5,
            11250.0,
            11437.5
        ]
    ],
    "5": [
        [
            28.32,
            28.314666666666664,
            28.325333333333333,
            28.261333333333333,
            28.272,
            28.27733333333333,
            28.336,
            28.34133333333333,
            28.357333333333333,
            28.293333333333333,
            28.304,
            28.352,
            28.368,
            28.298666666666666,
            28.362666666666666,
            28.378666666666664,
            28.37333333333333,
            28.394666666666666,
            28.442666666666664,
            28.389333333333333,
            28.4,
            28.40533333333333,
            28.421333333333333,
            28.384
        ],
        [
            8812.5,
            9000.0,
            9000.0,
            9187.5,
            9187.5,
            9187.5,
            9187.5,
            9187.5,
            9187.5,
            9375.0,
            9375.0,
            9375.0,
            9375.0,
            9562.5,
            9562.5,
            9750.0,
            9937.5,
            9937.5,
            9937.5,
            10125.0,
            10125.0,
            10125.0,
            10125.0,
            10312.5
        ]
    ],
    "6": [
        [
            29.130666666666666,
            29.151999999999997,
            29.136,
            29.146666666666665,
            29.157333333333334,
            29.168,
            29.183999999999997,
            29.141333333333332,
            29.178666666666665,
            29.189333333333334,
            29.194666666666667
        ],
        [
            12375.0,
            12375.0,
            12750.0,
            12750.0,
            12750.0,
            12750.0,
            12750.0,
            12937.5,
            12937.5,
            13125.0,
            13312.5
        ]
    ],
    "7": [
        [
            29.370666666666665,
            29.386666666666667,
            29.392,
            29.397333333333332,
            29.402666666666665,
            29.424,
            29.407999999999998,
            29.413333333333334,
            29.418666666666667,
            29.429333333333332,
            29.445333333333334,
            29.456,
            29.466666666666665,
            29.471999999999998
        ],
        [
            5812.5,
            6000.0,
            6000.0,
            6000.0,
            6000.0,
            6187.5,
            6375.0,
            6562.5,
            6562.5,
            6562.5,
            6562.5,
            6937.5,
            7312.5,
            7312.5
        ]
    ],