{
  "exp1": {
    "val_macro_f1": 0.99385129907845,
    "test_macro_f1": 0.9173575630005661,
    "test_macro_f1_full_vocab": 0.9173575630005661,
    "test_weighted_f1": 0.9246925726765237,
    "test_accuracy": 0.9252823631624674,
    "test_balanced_acc": 0.9040134121279321,
    "elapsed_s": 2.715301752090454
  },
  "exp2_avg_test_macro_f1": 0.7981968748637398,
  "exp3_avg_test_macro_f1": 0.8098092271152462,
  "exp2_per_fold": {
    "ALNITAK_CAVANILLES": {
      "val_macro_f1": 0.8388115429629428,
      "test_macro_f1": 0.7415848372476826,
      "test_macro_f1_full_vocab": 0.5191093860733779,
      "test_weighted_f1": 0.8768776818869874,
      "test_accuracy": 0.8541746825702193,
      "test_balanced_acc": 0.7018393754703105,
      "elapsed_s": 2.172152042388916,
      "sp_n_test_rows": 745,
      "sp_n_classes_present": 6,
      "sp_macro_f1": 0.7207412217040959,
      "sp_balanced_acc": 0.6618546759127734,
      "sp_frac_routed_to_bg": 0.18389261744966443,
      "held_out": "ALNITAK_CAVANILLES"
    },
    "ECOSS_testtrain": {
      "val_macro_f1": 0.9294502415597623,
      "test_macro_f1": 0.7776204526609712,
      "test_macro_f1_full_vocab": 0.46657227159658277,
      "test_weighted_f1": 0.17034360924184952,
      "test_accuracy": 0.11408677021960364,
      "test_balanced_acc": 0.735632183908046,
      "elapsed_s": 1.0438528060913086,
      "sp_n_test_rows": 127,
      "sp_n_classes_present": 5,
      "sp_macro_f1": 0.9091575091575091,
      "sp_balanced_acc": 0.8699999999999999,
      "sp_frac_routed_to_bg": 0.0,
      "held_out": "ECOSS_testtrain"
    },
    "ECOSS_enhanced": {
      "val_macro_f1": 0.8569878338897663,
      "test_macro_f1": 0.9054182586126291,
      "test_macro_f1_full_vocab": 0.5432509551675775,
      "test_weighted_f1": 0.8721108915588289,
      "test_accuracy": 0.8214285714285714,
      "test_balanced_acc": 0.8701587301587302,
      "elapsed_s": 1.6734352111816406,
      "sp_n_test_rows": 143,
      "sp_n_classes_present": 5,
      "sp_macro_f1": 0.9038932146829811,
      "sp_balanced_acc": 0.8761904761904763,
      "sp_frac_routed_to_bg": 0.0,
      "held_out": "ECOSS_enhanced"
    },
    "ECOSS_annot": {
      "val_macro_f1": 0.8919483249161058,
      "test_macro_f1": 0.9740406320541761,
      "test_macro_f1_full_vocab": 0.19480812641083523,
      "test_weighted_f1": 0.9678269535565054,
      "test_accuracy": 0.9388297872340425,
      "test_balanced_acc": 0.9506437768240343,
      "elapsed_s": 2.8462724685668945,
      "sp_n_test_rows": 466,
      "sp_n_classes_present": 1,
      "sp_macro_f1": 0.9480812641083521,
      "sp_balanced_acc": 0.9012875536480687,
      "sp_frac_routed_to_bg": 0.0,
      "held_out": "ECOSS_annot"
    },
    "DCLDE_2026": {
      "val_macro_f1": 0.9357099906195424,
      "test_macro_f1": 0.8049989786633489,
      "test_macro_f1_full_vocab": 0.1609997957326698,
      "test_weighted_f1": 0.805722523744947,
      "test_accuracy": 0.7078903189703414,
      "test_balanced_acc": 0.7067186521357885,
      "elapsed_s": 1.0916244983673096,
      "sp_n_test_rows": 887,
      "sp_n_classes_present": 1,
      "sp_macro_f1": 0.7060539752005836,
      "sp_balanced_acc": 0.5456595264937993,
      "sp_frac_routed_to_bg": 0.05186020293122886,
      "held_out": "DCLDE_2026"
    },
    "DOLPHINFREE": {
      "val_macro_f1": 0.8409457077682214,
      "test_macro_f1": 0.0017376194613379669,
      "test_macro_f1_full_vocab": 0.0001737619461337967,
      "test_weighted_f1": 0.0017376194613379669,
      "test_accuracy": 0.0008695652173913044,
      "test_balanced_acc": 0.0008695652173913044,
      "elapsed_s": 3.921761989593506,
      "sp_n_test_rows": 1150,
      "sp_n_classes_present": 1,
      "sp_macro_f1": 0.0017376194613379669,
      "sp_balanced_acc": 0.0008695652173913044,
      "sp_frac_routed_to_bg": 0.17478260869565218,
      "held_out": "DOLPHINFREE"
    },
    "DRYAD": {
      "val_macro_f1": 0.814233869149778,
      "test_macro_f1": 0.9977116704805492,
      "test_macro_f1_full_vocab": 0.09977116704805492,
      "test_weighted_f1": 0.9977116704805492,
      "test_accuracy": 0.9954337899543378,
      "test_balanced_acc": 0.9954337899543378,
      "elapsed_s": 1.8157660961151123,
      "sp_n_test_rows": 219,
      "sp_n_classes_present": 1,
      "sp_macro_f1": 0.9977116704805492,
      "sp_balanced_acc": 0.9954337899543378,
      "sp_frac_routed_to_bg": 0.0,
      "held_out": "DRYAD"
    },
    "Adriatic_Sea": {
      "val_macro_f1": 0.9744584580113578,
      "test_macro_f1": 0.9978902953586498,
      "test_macro_f1_full_vocab": 0.19957805907172996,
      "test_weighted_f1": 0.9978073812024396,
      "test_accuracy": 0.9956331877729258,
      "test_balanced_acc": 0.9957983193277311,
      "elapsed_s": 2.676168441772461,
      "sp_n_test_rows": 220,
      "sp_n_classes_present": 1,
      "sp_macro_f1": 1.0,
      "sp_balanced_acc": 1.0,
      "sp_frac_routed_to_bg": 0.0,
      "held_out": "Adriatic_Sea"
    },
    "OLTREMARE": {
      "val_macro_f1": 0.8373753015094507,
      "test_macro_f1": 1.0,
      "test_macro_f1_full_vocab": 0.1,
      "test_weighted_f1": 1.0,
      "test_accuracy": 1.0,
      "test_balanced_acc": 1.0,
      "elapsed_s": 2.58343505859375,
      "sp_n_test_rows": 292,
      "sp_n_classes_present": 1,
      "sp_macro_f1": 1.0,
      "sp_balanced_acc": 1.0,
      "sp_frac_routed_to_bg": 0.0,
      "held_out": "OLTREMARE"
    },
    "MONISH": {
      "val_macro_f1": 0.8341722995431674,
      "test_macro_f1": 0.7809660040980542,
      "test_macro_f1_full_vocab": 0.3904830020490271,
      "test_weighted_f1": 0.40295528615124193,
      "test_accuracy": 0.3565640194489465,
      "test_balanced_acc": 0.735610126228851,
      "elapsed_s": 5.214942693710327,
      "sp_n_test_rows": 617,
      "sp_n_classes_present": 5,
      "sp_macro_f1": 0.7809660040980542,
      "sp_balanced_acc": 0.735610126228851,
      "sp_frac_routed_to_bg": 0.0,
      "held_out": "MONISH"
    }
  },
  "exp3_per_fold": {
    "MONISH": {
      "val_macro_f1": 0.9648226602507743,
      "test_macro_f1": 0.8033462460499073,
      "test_macro_f1_full_vocab": 0.4463034700277263,
      "test_weighted_f1": 0.4073337495136616,
      "test_accuracy": 0.3695299837925446,
      "test_balanced_acc": 0.7929268876042025,
      "elapsed_s": 1.5313606262207031,
      "held_out": "MONISH"
    },
    "ECOSS_testtrain": {
      "val_macro_f1": 0.9396438705399367,
      "test_macro_f1": 0.9142857142857143,
      "test_macro_f1_full_vocab": 0.5079365079365079,
      "test_weighted_f1": 0.8650168728908887,
      "test_accuracy": 0.8110236220472441,
      "test_balanced_acc": 0.8800000000000001,
      "elapsed_s": 1.887099266052246,
      "held_out": "ECOSS_testtrain"
    },
    "ALNITAK_CAVANILLES": {
      "val_macro_f1": 0.997392290249433,
      "test_macro_f1": 0.7117957210101169,
      "test_macro_f1_full_vocab": 0.47453048067341125,
      "test_weighted_f1": 0.7509383726214223,
      "test_accuracy": 0.6536912751677852,
      "test_balanced_acc": 0.6658164172013917,
      "elapsed_s": 0.8786489963531494,
      "held_out": "ALNITAK_CAVANILLES"
    }
  }
}