{
  "run": "v02_low_lambda",
  "exp1": {
    "val_macro_f1": 0.9941078823395314,
    "test_macro_f1": 0.9140548502641692,
    "test_macro_f1_full_vocab": 0.9140548502641692,
    "test_weighted_f1": 0.9239177636675355,
    "test_accuracy": 0.9244135534317984,
    "test_balanced_acc": 0.9079347207453191,
    "elapsed_s": 2.1375977993011475
  },
  "exp2_avg_test_macro_f1": 0.9645382157627059,
  "exp3_avg_test_macro_f1": 0.8455954404581308,
  "exp2_per_fold": {
    "ALNITAK_CAVANILLES": {
      "val_macro_f1": 0.9659476614181264,
      "test_macro_f1": 0.8464183724857541,
      "test_macro_f1_full_vocab": 0.5924928607400279,
      "test_weighted_f1": 0.9241349829595414,
      "test_accuracy": 0.9257406694882647,
      "test_balanced_acc": 0.8280422850150684,
      "elapsed_s": 0.9132957458496094,
      "sp_n_test_rows": 745,
      "sp_n_classes_present": 6,
      "sp_macro_f1": 0.8529926061461212,
      "sp_balanced_acc": 0.804506721945843,
      "sp_frac_routed_to_bg": 0.1610738255033557,
      "held_out": "ALNITAK_CAVANILLES"
    },
    "ECOSS_testtrain": {
      "val_macro_f1": 0.9260032743341208,
      "test_macro_f1": 0.913371773806125,
      "test_macro_f1_full_vocab": 0.548023064283675,
      "test_weighted_f1": 0.9881952472970884,
      "test_accuracy": 0.9839314408141403,
      "test_balanced_acc": 0.8994252873563219,
      "elapsed_s": 1.3966782093048096,
      "sp_n_test_rows": 127,
      "sp_n_classes_present": 5,
      "sp_macro_f1": 0.9142857142857143,
      "sp_balanced_acc": 0.8800000000000001,
      "sp_frac_routed_to_bg": 0.0,
      "held_out": "ECOSS_testtrain"
    },
    "ECOSS_enhanced": {
      "val_macro_f1": 0.8686814870429915,
      "test_macro_f1": 0.9419642857142857,
      "test_macro_f1_full_vocab": 0.5651785714285714,
      "test_weighted_f1": 0.9161352040816326,
      "test_accuracy": 0.8809523809523809,
      "test_balanced_acc": 0.9206349206349206,
      "elapsed_s": 1.2301063537597656,
      "sp_n_test_rows": 143,
      "sp_n_classes_present": 5,
      "sp_macro_f1": 0.9303571428571429,
      "sp_balanced_acc": 0.9047619047619048,
      "sp_frac_routed_to_bg": 0.0,
      "held_out": "ECOSS_enhanced"
    },
    "ECOSS_annot": {
      "val_macro_f1": 0.8878944833915309,
      "test_macro_f1": 0.9887278768276915,
      "test_macro_f1_full_vocab": 0.1977455753655383,
      "test_weighted_f1": 0.9885671654413419,
      "test_accuracy": 0.9773936170212766,
      "test_balanced_acc": 0.9777079144031934,
      "elapsed_s": 0.8212602138519287,
      "sp_n_test_rows": 466,
      "sp_n_classes_present": 1,
      "sp_macro_f1": 0.988056460369164,
      "sp_balanced_acc": 0.9763948497854077,
      "sp_frac_routed_to_bg": 0.0,
      "held_out": "ECOSS_annot"
    },
    "DCLDE_2026": {
      "val_macro_f1": 0.9292170693913621,
      "test_macro_f1": 0.9781619534413876,
      "test_macro_f1_full_vocab": 0.1956323906882775,
      "test_weighted_f1": 0.978163287707303,
      "test_accuracy": 0.9776161163961947,
      "test_balanced_acc": 0.9776067894275335,
      "elapsed_s": 0.8758599758148193,
      "sp_n_test_rows": 887,
      "sp_n_classes_present": 1,
      "sp_macro_f1": 0.9880205362236166,
      "sp_balanced_acc": 0.9763246899661782,
      "sp_frac_routed_to_bg": 0.02254791431792559,
      "held_out": "DCLDE_2026"
    },
    "DOLPHINFREE": {
      "val_macro_f1": 0.8363713537032298,
      "test_macro_f1": 0.9982578397212544,
      "test_macro_f1_full_vocab": 0.09982578397212544,
      "test_weighted_f1": 0.9982578397212545,
      "test_accuracy": 0.9965217391304347,
      "test_balanced_acc": 0.9965217391304347,
      "elapsed_s": 0.9216334819793701,
      "sp_n_test_rows": 1150,
      "sp_n_classes_present": 1,
      "sp_macro_f1": 0.9982578397212544,
      "sp_balanced_acc": 0.9965217391304347,
      "sp_frac_routed_to_bg": 0.0,
      "held_out": "DOLPHINFREE"
    },
    "DRYAD": {
      "val_macro_f1": 0.8135912299479633,
      "test_macro_f1": 0.9861111111111112,
      "test_macro_f1_full_vocab": 0.09861111111111112,
      "test_weighted_f1": 0.9861111111111112,
      "test_accuracy": 0.9726027397260274,
      "test_balanced_acc": 0.9726027397260274,
      "elapsed_s": 0.8761594295501709,
      "sp_n_test_rows": 219,
      "sp_n_classes_present": 1,
      "sp_macro_f1": 0.9861111111111112,
      "sp_balanced_acc": 0.9726027397260274,
      "sp_frac_routed_to_bg": 0.0,
      "held_out": "DRYAD"
    },
    "Adriatic_Sea": {
      "val_macro_f1": 0.9522280925691156,
      "test_macro_f1": 0.998861047835991,
      "test_macro_f1_full_vocab": 0.19977220956719818,
      "test_weighted_f1": 0.9989058101481135,
      "test_accuracy": 0.9978165938864629,
      "test_balanced_acc": 0.9977272727272728,
      "elapsed_s": 1.2126350402832031,
      "sp_n_test_rows": 220,
      "sp_n_classes_present": 1,
      "sp_macro_f1": 0.9977220956719818,
      "sp_balanced_acc": 0.9954545454545455,
      "sp_frac_routed_to_bg": 0.0,
      "held_out": "Adriatic_Sea"
    },
    "OLTREMARE": {
      "val_macro_f1": 0.8466340546991239,
      "test_macro_f1": 1.0,
      "test_macro_f1_full_vocab": 0.1,
      "test_weighted_f1": 1.0,
      "test_accuracy": 1.0,
      "test_balanced_acc": 1.0,
      "elapsed_s": 0.992955207824707,
      "sp_n_test_rows": 292,
      "sp_n_classes_present": 1,
      "sp_macro_f1": 1.0,
      "sp_balanced_acc": 1.0,
      "sp_frac_routed_to_bg": 0.0,
      "held_out": "OLTREMARE"
    },
    "MONISH": {
      "val_macro_f1": 0.8381320760870514,
      "test_macro_f1": 0.9935078966834603,
      "test_macro_f1_full_vocab": 0.49675394834173014,
      "test_weighted_f1": 0.9975445506782905,
      "test_accuracy": 0.9967585089141004,
      "test_balanced_acc": 0.9876980428704567,
      "elapsed_s": 1.6257081031799316,
      "sp_n_test_rows": 617,
      "sp_n_classes_present": 5,
      "sp_macro_f1": 0.9935078966834603,
      "sp_balanced_acc": 0.9876980428704567,
      "sp_frac_routed_to_bg": 0.0,
      "held_out": "MONISH"
    }
  },
  "exp3_per_fold": {
    "MONISH": {
      "val_macro_f1": 0.9745548732439866,
      "test_macro_f1": 0.7939578264395782,
      "test_macro_f1_full_vocab": 0.4410876813553213,
      "test_weighted_f1": 0.9497158108788437,
      "test_accuracy": 0.9497568881685575,
      "test_balanced_acc": 0.7891891891891892,
      "elapsed_s": 2.332890272140503,
      "held_out": "MONISH"
    },
    "ECOSS_testtrain": {
      "val_macro_f1": 0.972946709885799,
      "test_macro_f1": 0.9142857142857143,
      "test_macro_f1_full_vocab": 0.5079365079365079,
      "test_weighted_f1": 0.8650168728908887,
      "test_accuracy": 0.8110236220472441,
      "test_balanced_acc": 0.8800000000000001,
      "elapsed_s": 0.6902811527252197,
      "held_out": "ECOSS_testtrain"
    },
    "ALNITAK_CAVANILLES": {
      "val_macro_f1": 0.9879286460354876,
      "test_macro_f1": 0.8285427806491003,
      "test_macro_f1_full_vocab": 0.5523618537660668,
      "test_weighted_f1": 0.8980555960968178,
      "test_accuracy": 0.8671140939597315,
      "test_balanced_acc": 0.8402651931743844,
      "elapsed_s": 0.7950060367584229,
      "held_out": "ALNITAK_CAVANILLES"
    }
  }
}