{
  "loss": [
    0.7750027775764465,
    0.31902697682380676,
    0.25443509221076965,
    0.22105589509010315,
    0.19531355798244476,
    0.1811256855726242,
    0.16314350068569183,
    0.151955708861351,
    0.15527775883674622,
    0.1341574490070343,
    0.13259640336036682,
    0.13554784655570984,
    0.12143371254205704,
    0.12183808535337448,
    0.12161155790090561,
    0.10790406167507172,
    0.11277809739112854,
    0.10911518335342407,
    0.10291872918605804,
    0.0948558896780014,
    0.09690067172050476,
    0.09747625142335892,
    0.09011972695589066,
    0.08774396777153015,
    0.09773652255535126,
    0.0884530320763588,
    0.08277995884418488,
    0.09116806834936142,
    0.08032044023275375,
    0.07863926887512207,
    0.08492432534694672,
    0.08347097039222717,
    0.07310257107019424,
    0.07618820667266846,
    0.07967857271432877,
    0.0768934041261673,
    0.07295581698417664,
    0.07975094765424728,
    0.07200516760349274,
    0.07336947321891785,
    0.07282392680644989,
    0.07122430205345154,
    0.06895379722118378,
    0.06816510856151581,
    0.06363927572965622,
    0.06712766736745834,
    0.06706787645816803,
    0.06759637594223022,
    0.06554897874593735,
    0.06532879918813705
  ],
  "sparse_categorical_accuracy": [
    0.7932137250900269,
    0.8999587297439575,
    0.9157384634017944,
    0.9217203259468079,
    0.9287335276603699,
    0.9352310299873352,
    0.9426567554473877,
    0.9409034848213196,
    0.9434818625450134,
    0.9486386179924011,
    0.9503918886184692,
    0.9459571242332458,
    0.9545173048973083,
    0.9534859657287598,
    0.9536922574043274,
    0.9579207897186279,
    0.9562706351280212,
    0.9591584205627441,
    0.9610148668289185,
    0.9632838368415833,
    0.9631807208061218,
    0.9632838368415833,
    0.9664810299873352,
    0.9639026522636414,
    0.9603960514068604,
    0.9633869528770447,
    0.9681311845779419,
    0.9648308753967285,
    0.9689562916755676,
    0.9698845148086548,
    0.9674092531204224,
    0.9669967293739319,
    0.9728754162788391,
    0.9694719314575195,
    0.9667904376983643,
    0.9705032706260681,
    0.9720503091812134,
    0.96875,
    0.9730817079544067,
    0.9685437083244324,
    0.9707095623016357,
    0.9725660085678101,
    0.9743192791938782,
    0.9750412702560425,
    0.9778258800506592,
    0.9744224548339844,
    0.9734942317008972,
    0.9725660085678101,
    0.9747318625450134,
    0.9741130471229553
  ],
  "val_loss": [
    0.6324564218521118,
    0.5256516337394714,
    0.4768052399158478,
    0.4474280774593353,
    0.42094093561172485,
    0.41097381711006165,
    0.4242863357067108,
    0.40967732667922974,
    0.45613646507263184,
    0.44327834248542786,
    0.4769250750541687,
    0.38839247822761536,
    0.42959532141685486,
    0.4542482793331146,
    0.3876255750656128,
    0.4099369943141937,
    0.38450542092323303,
    0.37487661838531494,
    0.41825616359710693,
    0.42452192306518555,
    0.42204549908638,
    0.4075644314289093,
    0.4335183799266815,
    0.3824142515659332,
    0.40188711881637573,
    0.43473634123802185,
    0.4414665997028351,
    0.45979905128479004,
    0.4284225404262543,
    0.41779860854148865,
    0.38538071513175964,
    0.41117221117019653,
    0.4577575623989105,
    0.4188527464866638,
    0.36671972274780273,
    0.4391046464443207,
    0.4298129081726074,
    0.40142759680747986,
    0.4124302566051483,
    0.42036399245262146,
    0.402741014957428,
    0.4284136891365051,
    0.42598584294319153,
    0.4231822192668915,
    0.4484386444091797,
    0.40839701890945435,
    0.4116913974285126,
    0.4018489122390747,
    0.39706334471702576,
    0.4090222418308258
  ],
  "val_sparse_categorical_accuracy": [
    0.7412236928939819,
    0.7723169326782227,
    0.7883650660514832,
    0.7753259539604187,
    0.7933801412582397,
    0.8044132590293884,
    0.791374146938324,
    0.8144433498382568,
    0.7993981838226318,
    0.79438316822052,
    0.7843530774116516,
    0.8134403228759766,
    0.8104313015937805,
    0.7973921895027161,
    0.8194583654403687,
    0.8174523711204529,
    0.8314945101737976,
    0.8365095257759094,
    0.8134403228759766,
    0.8104313015937805,
    0.8164493441581726,
    0.8254764080047607,
    0.8154463171958923,
    0.8405215740203857,
    0.823470413684845,
    0.8094282746315002,
    0.8134403228759766,
    0.7973921895027161,
    0.8134403228759766,
    0.8254764080047607,
    0.826479434967041,
    0.8214644193649292,
    0.8064192533493042,
    0.8134403228759766,
    0.8525576591491699,
    0.8114343285560608,
    0.8114343285560608,
    0.8355064988136292,
    0.8314945101737976,
    0.8254764080047607,
    0.8314945101737976,
    0.8164493441581726,
    0.8114343285560608,
    0.8194583654403687,
    0.8114343285560608,
    0.8335005044937134,
    0.8324974775314331,
    0.8244734406471252,
    0.8345035314559937,
    0.8254764080047607
  ],
  "val_macro_f1": [
    0.7422421471657696,
    0.7672456683502372,
    0.7796871831763412,
    0.7849166009634622,
    0.7922127626180485,
    0.8051806964110126,
    0.800965911671585,
    0.8073848239218302,
    0.8076262375160015,
    0.8004792258674689,
    0.7992634581726119,
    0.8147635712118193,
    0.8125247641265316,
    0.8032961614069537,
    0.8166123408782935,
    0.8201660486209699,
    0.8195051451826372,
    0.8185289861406961,
    0.814077800838733,
    0.8147078325309394,
    0.8157608245990641,
    0.8279886090041725,
    0.8209905975807444,
    0.8259318941198188,
    0.8248909914685194,
    0.8133214858197972,
    0.820440310256414,
    0.813866018252764,
    0.8110437823275991,
    0.8277879117613063,
    0.8209249519084361,
    0.8221642134665933,
    0.8167562213286639,
    0.8197059297349283,
    0.8370794041567928,
    0.8138607558714896,
    0.8169413664368136,
    0.8188829705342835,
    0.8279849496308579,
    0.8206660453759824,
    0.8244258218943502,
    0.8213433827751364,
    0.8137786055878836,
    0.8179022077511963,
    0.8184555478614168,
    0.8280945036262253,
    0.8271077261062431,
    0.8229612949305352,
    0.827676783832884,
    0.818692526208167
  ]
}