{
  "Balaenoptera_physalus": {
    "precision": 0.9615384615384616,
    "recall": 1.0,
    "f1-score": 0.9803921568627451,
    "support": 50.0
  },
  "Delphinids": {
    "precision": 0.7295081967213115,
    "recall": 0.9368421052631579,
    "f1-score": 0.8202764976958525,
    "support": 190.0
  },
  "Delphinus_delphis": {
    "precision": 0.8928571428571429,
    "recall": 0.9803921568627451,
    "f1-score": 0.9345794392523364,
    "support": 102.0
  },
  "Globicephala_melas": {
    "precision": 0.7631578947368421,
    "recall": 0.9666666666666667,
    "f1-score": 0.8529411764705882,
    "support": 30.0
  },
  "Grampus_griseus": {
    "precision": 0.5357142857142857,
    "recall": 0.9375,
    "f1-score": 0.6818181818181818,
    "support": 16.0
  },
  "Orcinus_orca": {
    "precision": 0.9117647058823529,
    "recall": 0.9029126213592233,
    "f1-score": 0.9073170731707317,
    "support": 103.0
  },
  "Physeter_macrocephalus": {
    "precision": 0.6923076923076923,
    "recall": 0.7058823529411765,
    "f1-score": 0.6990291262135923,
    "support": 51.0
  },
  "Stenella_coeruleoalba": {
    "precision": 0.23809523809523808,
    "recall": 0.6666666666666666,
    "f1-score": 0.3508771929824561,
    "support": 15.0
  },
  "Tursiops_truncatus": {
    "precision": 0.9,
    "recall": 0.6585365853658537,
    "f1-score": 0.7605633802816901,
    "support": 82.0
  },
  "background": {
    "precision": 0.9054878048780488,
    "recall": 0.7088305489260143,
    "f1-score": 0.7951807228915663,
    "support": 419.0
  },
  "accuracy": 0.8147448015122873,
  "macro avg": {
    "precision": 0.7530431422731376,
    "recall": 0.8464229704051505,
    "f1-score": 0.778297494763974,
    "support": 1058.0
  },
  "weighted avg": {
    "precision": 0.8461354917465409,
    "recall": 0.8147448015122873,
    "f1-score": 0.8191028292582008,
    "support": 1058.0
  }
}