{
  "loss": [
    0.6115994453430176,
    0.3006215989589691,
    0.24062636494636536,
    0.2137739509344101,
    0.19278265535831451,
    0.199555903673172,
    0.18398025631904602,
    0.1749996840953827,
    0.17666395008563995,
    0.16175177693367004,
    0.1590041220188141,
    0.15906943380832672,
    0.15622375905513763,
    0.15159420669078827,
    0.15569700300693512,
    0.145478755235672,
    0.14997169375419617
  ],
  "sparse_categorical_accuracy": [
    0.8146658539772034,
    0.895730197429657,
    0.9160478711128235,
    0.9212046265602112,
    0.9256394505500793,
    0.9252269268035889,
    0.9301773905754089,
    0.9352310299873352,
    0.9320338368415833,
    0.9384282231330872,
    0.9409034848213196,
    0.9401814937591553,
    0.9417285323143005,
    0.9402846693992615,
    0.9418317079544067,
    0.9455445408821106,
    0.9427598714828491
  ],
  "val_loss": [
    0.4609362483024597,
    0.4931071400642395,
    0.46806585788726807,
    0.4576469361782074,
    0.4213999807834625,
    0.4206259846687317,
    0.41705137491226196,
    0.39869460463523865,
    0.43047645688056946,
    0.388999342918396,
    0.43782755732536316,
    0.4196019470691681,
    0.40856608748435974,
    0.42372241616249084,
    0.41904217004776,
    0.418284147977829,
    0.41549670696258545
  ],
  "val_sparse_categorical_accuracy": [
    0.7853560447692871,
    0.7703109383583069,
    0.7773320078849792,
    0.7753259539604187,
    0.7833500504493713,
    0.7833500504493713,
    0.7853560447692871,
    0.8004012107849121,
    0.7833500504493713,
    0.8074222803115845,
    0.7853560447692871,
    0.791374146938324,
    0.79438316822052,
    0.7903711199760437,
    0.791374146938324,
    0.791374146938324,
    0.7923771142959595
  ],
  "learning_rate": [
    0.0010000000474974513,
    0.0010000000474974513,
    0.0010000000474974513,
    0.0003000000142492354,
    0.0003000000142492354,
    0.0003000000142492354,
    0.0003000000142492354,
    0.0003000000142492354,
    0.0003000000142492354,
    0.0003000000142492354,
    0.0003000000142492354,
    0.0003000000142492354,
    9.000000136438757e-05,
    9.000000136438757e-05,
    2.700000004551839e-05,
    2.700000004551839e-05,
    8.099999831756577e-06
  ]
}