{
  "loss": [
    0.6579405069351196,
    0.3640478551387787,
    0.3115374743938446,
    0.29177218675613403,
    0.27838650345802307,
    0.2712804079055786,
    0.2597922086715698,
    0.25452402234077454
  ],
  "sparse_categorical_accuracy": [
    0.8170379400253296,
    0.8962458968162537,
    0.9130569100379944,
    0.9216171503067017,
    0.9268770813941956,
    0.9254331588745117,
    0.9305899143218994,
    0.9335808753967285
  ],
  "val_loss": [
    0.49246683716773987,
    0.5484510660171509,
    0.5808830261230469,
    0.5351783037185669,
    0.48758381605148315,
    0.5304309725761414,
    0.4912208318710327,
    0.49348267912864685
  ],
  "val_sparse_categorical_accuracy": [
    0.7993981838226318,
    0.7703109383583069,
    0.7612838745117188,
    0.779338002204895,
    0.79438316822052,
    0.7773320078849792,
    0.7893680930137634,
    0.7843530774116516
  ],
  "learning_rate": [
    0.0010000000474974513,
    0.0010000000474974513,
    0.0010000000474974513,
    0.0003000000142492354,
    0.0003000000142492354,
    0.0003000000142492354,
    0.0003000000142492354,
    9.000000136438757e-05
  ]
}