{
  "Balaenoptera_physalus": {
    "precision": 0.9615384615384616,
    "recall": 1.0,
    "f1-score": 0.9803921568627451,
    "support": 50.0
  },
  "Delphinids": {
    "precision": 0.7339055793991416,
    "recall": 0.9,
    "f1-score": 0.8085106382978723,
    "support": 190.0
  },
  "Delphinus_delphis": {
    "precision": 0.9306930693069307,
    "recall": 0.9215686274509803,
    "f1-score": 0.9261083743842364,
    "support": 102.0
  },
  "Globicephala_melas": {
    "precision": 0.7222222222222222,
    "recall": 0.8666666666666667,
    "f1-score": 0.7878787878787878,
    "support": 30.0
  },
  "Grampus_griseus": {
    "precision": 0.45454545454545453,
    "recall": 0.9375,
    "f1-score": 0.6122448979591837,
    "support": 16.0
  },
  "Orcinus_orca": {
    "precision": 0.9347826086956522,
    "recall": 0.8349514563106796,
    "f1-score": 0.882051282051282,
    "support": 103.0
  },
  "Physeter_macrocephalus": {
    "precision": 0.5777777777777777,
    "recall": 0.5098039215686274,
    "f1-score": 0.5416666666666666,
    "support": 51.0
  },
  "Stenella_coeruleoalba": {
    "precision": 0.2631578947368421,
    "recall": 0.6666666666666666,
    "f1-score": 0.37735849056603776,
    "support": 15.0
  },
  "Tursiops_truncatus": {
    "precision": 0.7464788732394366,
    "recall": 0.6463414634146342,
    "f1-score": 0.6928104575163399,
    "support": 82.0
  },
  "background": {
    "precision": 0.8403361344537815,
    "recall": 0.7159904534606205,
    "f1-score": 0.7731958762886598,
    "support": 419.0
  },
  "accuracy": 0.7854442344045368,
  "macro avg": {
    "precision": 0.71654380759157,
    "recall": 0.7999489255538875,
    "f1-score": 0.7382217628471811,
    "support": 1058.0
  },
  "weighted avg": {
    "precision": 0.8075593779741026,
    "recall": 0.7854442344045368,
    "f1-score": 0.7896485391320384,
    "support": 1058.0
  }
}