{
  "Balaenoptera_physalus": {
    "precision": 1.0,
    "recall": 1.0,
    "f1-score": 1.0,
    "support": 50.0
  },
  "Delphinids": {
    "precision": 0.701195219123506,
    "recall": 0.9263157894736842,
    "f1-score": 0.7981859410430839,
    "support": 190.0
  },
  "Delphinus_delphis": {
    "precision": 0.8909090909090909,
    "recall": 0.9607843137254902,
    "f1-score": 0.9245283018867925,
    "support": 102.0
  },
  "Globicephala_melas": {
    "precision": 0.7368421052631579,
    "recall": 0.9333333333333333,
    "f1-score": 0.8235294117647058,
    "support": 30.0
  },
  "Grampus_griseus": {
    "precision": 0.5185185185185185,
    "recall": 0.875,
    "f1-score": 0.6511627906976745,
    "support": 16.0
  },
  "Orcinus_orca": {
    "precision": 0.8703703703703703,
    "recall": 0.912621359223301,
    "f1-score": 0.8909952606635071,
    "support": 103.0
  },
  "Physeter_macrocephalus": {
    "precision": 0.6226415094339622,
    "recall": 0.6470588235294118,
    "f1-score": 0.6346153846153846,
    "support": 51.0
  },
  "Stenella_coeruleoalba": {
    "precision": 0.25,
    "recall": 0.6666666666666666,
    "f1-score": 0.36363636363636365,
    "support": 15.0
  },
  "Tursiops_truncatus": {
    "precision": 0.8833333333333333,
    "recall": 0.6463414634146342,
    "f1-score": 0.7464788732394366,
    "support": 82.0
  },
  "background": {
    "precision": 0.8847352024922118,
    "recall": 0.6778042959427207,
    "f1-score": 0.7675675675675676,
    "support": 419.0
  },
  "accuracy": 0.7939508506616257,
  "macro avg": {
    "precision": 0.735854534944415,
    "recall": 0.8245926045309242,
    "f1-score": 0.7600699895114518,
    "support": 1058.0
  },
  "weighted avg": {
    "precision": 0.8249448267176133,
    "recall": 0.7939508506616257,
    "f1-score": 0.7972554091960858,
    "support": 1058.0
  }
}