{
  "loss": [
    0.7581003308296204,
    0.3985365629196167,
    0.33284324407577515,
    0.30746176838874817,
    0.2839924693107605,
    0.2850799262523651,
    0.26334846019744873,
    0.2569741904735565,
    0.24787142872810364,
    0.23590931296348572,
    0.23762767016887665,
    0.23620228469371796
  ],
  "sparse_categorical_accuracy": [
    0.7835189700126648,
    0.8838696479797363,
    0.9000619053840637,
    0.9072813391685486,
    0.9196575880050659,
    0.9150164723396301,
    0.9265676736831665,
    0.9289397597312927,
    0.9286303520202637,
    0.9286303520202637,
    0.934302806854248,
    0.9324463605880737
  ],
  "val_loss": [
    0.6069563031196594,
    0.5556410551071167,
    0.5229724049568176,
    0.5372506976127625,
    0.4658181369304657,
    0.5244646072387695,
    0.49532079696655273,
    0.497869074344635,
    0.4830358028411865,
    0.49725931882858276,
    0.4838244915008545,
    0.47839173674583435
  ],
  "val_sparse_categorical_accuracy": [
    0.7602808475494385,
    0.7713139653205872,
    0.7612838745117188,
    0.7642928957939148,
    0.7983951568603516,
    0.7642928957939148,
    0.7833500504493713,
    0.776328980922699,
    0.7833500504493713,
    0.7803410291671753,
    0.7813440561294556,
    0.7803410291671753
  ],
  "learning_rate": [
    0.0010000000474974513,
    0.0010000000474974513,
    0.0010000000474974513,
    0.0010000000474974513,
    0.0010000000474974513,
    0.0010000000474974513,
    0.0010000000474974513,
    0.0003000000142492354,
    0.0003000000142492354,
    9.000000136438757e-05,
    9.000000136438757e-05,
    2.700000004551839e-05
  ]
}