{
  "Balaenoptera_physalus": {
    "precision": 1.0,
    "recall": 1.0,
    "f1-score": 1.0,
    "support": 50.0
  },
  "Delphinids": {
    "precision": 0.6716417910447762,
    "recall": 0.9473684210526315,
    "f1-score": 0.7860262008733624,
    "support": 190.0
  },
  "Delphinus_delphis": {
    "precision": 0.9166666666666666,
    "recall": 0.9705882352941176,
    "f1-score": 0.9428571428571428,
    "support": 102.0
  },
  "Globicephala_melas": {
    "precision": 0.7435897435897436,
    "recall": 0.9666666666666667,
    "f1-score": 0.8405797101449275,
    "support": 30.0
  },
  "Grampus_griseus": {
    "precision": 0.5,
    "recall": 0.8125,
    "f1-score": 0.6190476190476191,
    "support": 16.0
  },
  "Orcinus_orca": {
    "precision": 0.9207920792079208,
    "recall": 0.9029126213592233,
    "f1-score": 0.9117647058823529,
    "support": 103.0
  },
  "Physeter_macrocephalus": {
    "precision": 0.7441860465116279,
    "recall": 0.6274509803921569,
    "f1-score": 0.6808510638297872,
    "support": 51.0
  },
  "Stenella_coeruleoalba": {
    "precision": 0.30303030303030304,
    "recall": 0.6666666666666666,
    "f1-score": 0.4166666666666667,
    "support": 15.0
  },
  "Tursiops_truncatus": {
    "precision": 0.9814814814814815,
    "recall": 0.6463414634146342,
    "f1-score": 0.7794117647058824,
    "support": 82.0
  },
  "background": {
    "precision": 0.8809523809523809,
    "recall": 0.7064439140811456,
    "f1-score": 0.7841059602649006,
    "support": 419.0
  },
  "accuracy": 0.8081285444234405,
  "macro avg": {
    "precision": 0.7662340492484901,
    "recall": 0.8246938968927242,
    "f1-score": 0.7761310834272642,
    "support": 1058.0
  },
  "weighted avg": {
    "precision": 0.8396603863730551,
    "recall": 0.8081285444234405,
    "f1-score": 0.8109412958077072,
    "support": 1058.0
  }
}