{
  "loss": [
    0.9249913096427917,
    0.43454694747924805,
    0.3511542081832886,
    0.3194456100463867,
    0.2877129912376404,
    0.2857827842235565,
    0.26173895597457886,
    0.24991782009601593,
    0.2432885318994522,
    0.22982805967330933,
    0.21932248771190643,
    0.22281840443611145,
    0.21975453197956085,
    0.21216903626918793,
    0.20331844687461853,
    0.20050787925720215,
    0.19560028612613678,
    0.19014868140220642,
    0.19573791325092316,
    0.18782247602939606,
    0.1871480643749237,
    0.1900678277015686,
    0.1854807734489441,
    0.180324986577034,
    0.18444271385669708,
    0.1920723170042038,
    0.18645606935024261
  ],
  "sparse_categorical_accuracy": [
    0.764026403427124,
    0.8796411156654358,
    0.9018151760101318,
    0.9122318625450134,
    0.9184199571609497,
    0.9209983348846436,
    0.9270833134651184,
    0.9322401285171509,
    0.9293522834777832,
    0.9402846693992615,
    0.9421411156654358,
    0.9356435537338257,
    0.9392532706260681,
    0.9430692791938782,
    0.944513201713562,
    0.9436880946159363,
    0.9483292102813721,
    0.9483292102813721,
    0.9482260942459106,
    0.9504950642585754,
    0.9509075880050659,
    0.9496699571609497,
    0.9519389271736145,
    0.9534859657287598,
    0.9482260942459106,
    0.9458539485931396,
    0.9510107040405273
  ],
  "val_loss": [
    0.6854712963104248,
    0.5897043347358704,
    0.56154465675354,
    0.5786883234977722,
    0.5253258943557739,
    0.5078698396682739,
    0.4886642098426819,
    0.5158904194831848,
    0.58518385887146,
    0.4867154061794281,
    0.5258854627609253,
    0.4535807967185974,
    0.4759521186351776,
    0.4817677140235901,
    0.4771820306777954,
    0.4781894087791443,
    0.45286962389945984,
    0.46406540274620056,
    0.4628233313560486,
    0.47672924399375916,
    0.4625025987625122,
    0.46058356761932373,
    0.45680132508277893,
    0.46294623613357544,
    0.46013137698173523,
    0.4614030718803406,
    0.46137508749961853
  ],
  "val_sparse_categorical_accuracy": [
    0.7502507567405701,
    0.7572718262672424,
    0.7833500504493713,
    0.7622868418693542,
    0.7703109383583069,
    0.7773320078849792,
    0.779338002204895,
    0.7773320078849792,
    0.7642928957939148,
    0.7813440561294556,
    0.7723169326782227,
    0.7893680930137634,
    0.7923771142959595,
    0.7903711199760437,
    0.7953861355781555,
    0.7973921895027161,
    0.8054162263870239,
    0.8034102320671082,
    0.8024072051048279,
    0.7993981838226318,
    0.8034102320671082,
    0.8044132590293884,
    0.8014042377471924,
    0.8004012107849121,
    0.8014042377471924,
    0.8004012107849121,
    0.8004012107849121
  ],
  "learning_rate": [
    0.0003000000142492354,
    0.0003000000142492354,
    0.0003000000142492354,
    0.0003000000142492354,
    0.0003000000142492354,
    0.0003000000142492354,
    0.0003000000142492354,
    0.0003000000142492354,
    0.0003000000142492354,
    0.0003000000142492354,
    0.0003000000142492354,
    0.0003000000142492354,
    0.0003000000142492354,
    0.0003000000142492354,
    0.0003000000142492354,
    9.000000136438757e-05,
    9.000000136438757e-05,
    9.000000136438757e-05,
    9.000000136438757e-05,
    9.000000136438757e-05,
    2.700000004551839e-05,
    2.700000004551839e-05,
    2.700000004551839e-05,
    8.099999831756577e-06,
    8.099999831756577e-06,
    8.099999831756577e-06,
    2.429999995001708e-06
  ]
}