{
  "loss": [
    0.7404585480690002,
    0.30900928378105164,
    0.24190707504749298,
    0.20461544394493103,
    0.17911240458488464,
    0.17638015747070312,
    0.15881876647472382,
    0.14098995923995972,
    0.14381900429725647,
    0.1253746896982193,
    0.1223248764872551,
    0.12093967944383621,
    0.1169753149151802,
    0.11237233132123947,
    0.10833740234375,
    0.0997152030467987,
    0.1006658673286438,
    0.09822896122932434,
    0.09395192563533783,
    0.09237055480480194,
    0.08933386206626892,
    0.08596032857894897,
    0.08294514566659927,
    0.08322452753782272,
    0.07662419229745865,
    0.08302348107099533,
    0.08386845141649246,
    0.07953089475631714,
    0.07826879620552063,
    0.07478878647089005
  ],
  "sparse_categorical_accuracy": [
    0.8051773905754089,
    0.9016088843345642,
    0.9188324809074402,
    0.9275990128517151,
    0.9344059228897095,
    0.9346122145652771,
    0.9419348239898682,
    0.9486386179924011,
    0.944513201713562,
    0.9524546265602112,
    0.9564769268035889,
    0.9548267126083374,
    0.9524546265602112,
    0.9577144980430603,
    0.9565800428390503,
    0.9621493220329285,
    0.9599835276603699,
    0.9624587297439575,
    0.9631807208061218,
    0.9623556137084961,
    0.9661716222763062,
    0.9677186608314514,
    0.9668935537338257,
    0.9680280685424805,
    0.9715346693992615,
    0.9693688154220581,
    0.9675123691558838,
    0.96875,
    0.9699876308441162,
    0.9735973477363586
  ],
  "val_loss": [
    0.545030415058136,
    0.5309863686561584,
    0.4730303883552551,
    0.5020157694816589,
    0.4190087914466858,
    0.46137920022010803,
    0.42089203000068665,
    0.4256395101547241,
    0.44313085079193115,
    0.3621525168418884,
    0.48357656598091125,
    0.4483065605163574,
    0.4253646731376648,
    0.4278489649295807,
    0.41347721219062805,
    0.4005715250968933,
    0.41756680607795715,
    0.40589138865470886,
    0.3947863280773163,
    0.41718822717666626,
    0.42064157128334045,
    0.4058413505554199,
    0.420497864484787,
    0.430335134267807,
    0.4209045171737671,
    0.4003120958805084,
    0.4179573059082031,
    0.41283926367759705,
    0.42125561833381653,
    0.4233371913433075
  ],
  "val_sparse_categorical_accuracy": [
    0.7743229866027832,
    0.7642928957939148,
    0.79438316822052,
    0.7622868418693542,
    0.7863590717315674,
    0.7743229866027832,
    0.7963891625404358,
    0.8134403228759766,
    0.7863590717315674,
    0.8365095257759094,
    0.7753259539604187,
    0.7993981838226318,
    0.7973921895027161,
    0.8004012107849121,
    0.8194583654403687,
    0.8274824619293213,
    0.8094282746315002,
    0.8114343285560608,
    0.8274824619293213,
    0.8224673867225647,
    0.80842524766922,
    0.8294884562492371,
    0.8114343285560608,
    0.8034102320671082,
    0.8104313015937805,
    0.826479434967041,
    0.8144433498382568,
    0.8174523711204529,
    0.8144433498382568,
    0.8154463171958923
  ],
  "val_macro_f1": [
    0.7607268548854722,
    0.7719677370297189,
    0.7856185714027542,
    0.7749710813508672,
    0.7926615299157556,
    0.7924123283379663,
    0.797218976709278,
    0.8023406973389392,
    0.7990199724721382,
    0.806643962298,
    0.8008761590307175,
    0.8097938657233147,
    0.8094774746493645,
    0.8088023452918579,
    0.8170406819115534,
    0.8162012886136093,
    0.8020225283950321,
    0.8139334170887137,
    0.8128686820887149,
    0.821302842973903,
    0.8100797536658032,
    0.8252223214593204,
    0.8130561122028741,
    0.8131599447407648,
    0.812324817191698,
    0.822556542411778,
    0.8173371743239704,
    0.8186697691022384,
    0.812646288312016,
    0.817420457876454
  ],
  "learning_rate": [
    0.0003000000142492354,
    0.0003000000142492354,
    0.0003000000142492354,
    0.0003000000142492354,
    0.0003000000142492354,
    0.0003000000142492354,
    0.0003000000142492354,
    0.0003000000142492354,
    0.0003000000142492354,
    0.0003000000142492354,
    0.0003000000142492354,
    0.0003000000142492354,
    0.0003000000142492354,
    0.0003000000142492354,
    0.0003000000142492354,
    0.0003000000142492354,
    0.0003000000142492354,
    0.0003000000142492354,
    0.0003000000142492354,
    9.000000136438757e-05,
    9.000000136438757e-05,
    9.000000136438757e-05,
    9.000000136438757e-05,
    9.000000136438757e-05,
    9.000000136438757e-05,
    9.000000136438757e-05,
    2.700000004551839e-05,
    2.700000004551839e-05,
    2.700000004551839e-05,
    2.700000004551839e-05
  ]
}