{
  "loss": [
    1.3087553977966309,
    0.5977664589881897,
    0.44562914967536926,
    0.37068653106689453,
    0.3168322741985321,
    0.30390259623527527,
    0.2719169855117798,
    0.24913984537124634,
    0.2458353042602539,
    0.2199232429265976,
    0.21593518555164337,
    0.20471535623073578,
    0.20694789290428162,
    0.18715733289718628,
    0.19229130446910858,
    0.18358629941940308,
    0.1792939305305481,
    0.1669752299785614,
    0.17186018824577332,
    0.16329464316368103,
    0.16167353093624115,
    0.15251721441745758,
    0.1514742076396942,
    0.1476239114999771,
    0.14292673766613007,
    0.15437091886997223,
    0.14148293435573578,
    0.1425919234752655,
    0.13729976117610931,
    0.13233406841754913,
    0.1356043964624405,
    0.14027555286884308,
    0.1341829150915146,
    0.13410364091396332,
    0.13110339641571045,
    0.1309797763824463,
    0.13161690533161163,
    0.13206611573696136,
    0.12410616129636765,
    0.1296214610338211,
    0.1253390908241272,
    0.12747839093208313,
    0.11932928115129471,
    0.12578058242797852,
    0.12297899276018143,
    0.12391604483127594,
    0.12120237201452255,
    0.1167449951171875,
    0.12635567784309387,
    0.1170722171664238,
    0.12084000557661057,
    0.11958608776330948,
    0.12164987623691559,
    0.11248837411403656,
    0.11835896223783493,
    0.1161712035536766,
    0.11634952574968338,
    0.11615725606679916,
    0.11913790553808212
  ],
  "sparse_categorical_accuracy": [
    0.6913160085678101,
    0.8386963605880737,
    0.8731435537338257,
    0.8899546265602112,
    0.9006807208061218,
    0.9008869528770447,
    0.9131600856781006,
    0.9172855019569397,
    0.9140883088111877,
    0.9287335276603699,
    0.9262582659721375,
    0.9270833134651184,
    0.9283209443092346,
    0.9341996908187866,
    0.9289397597312927,
    0.9349216222763062,
    0.9332714676856995,
    0.9380156993865967,
    0.9390470385551453,
    0.9421411156654358,
    0.9395626783370972,
    0.9438943862915039,
    0.9431724548339844,
    0.9466790556907654,
    0.9478135108947754,
    0.9438943862915039,
    0.9475041031837463,
    0.9460602402687073,
    0.9495668411254883,
    0.9553424119949341,
    0.9488449096679688,
    0.9458539485931396,
    0.9504950642585754,
    0.9500824809074402,
    0.9551361203193665,
    0.9485355019569397,
    0.9494637250900269,
    0.9516295194625854,
    0.9521452188491821,
    0.9517326951026917,
    0.9534859657287598,
    0.9514232873916626,
    0.9552392959594727,
    0.9520421028137207,
    0.9525577425956726,
    0.9556518197059631,
    0.9546204805374146,
    0.9570956826210022,
    0.9533828496932983,
    0.9558581113815308,
    0.9549298882484436,
    0.9546204805374146,
    0.9537953734397888,
    0.9566831588745117,
    0.9565800428390503,
    0.9569925665855408,
    0.9569925665855408,
    0.9556518197059631,
    0.9569925665855408
  ],
  "val_loss": [
    0.9348528981208801,
    0.7222949266433716,
    0.636666476726532,
    0.5633301734924316,
    0.5739490985870361,
    0.5211338400840759,
    0.5310782790184021,
    0.48606494069099426,
    0.5456334948539734,
    0.5174490809440613,
    0.47944432497024536,
    0.45196637511253357,
    0.4553799331188202,
    0.46471646428108215,
    0.46481603384017944,
    0.4525028169155121,
    0.4287859797477722,
    0.40484538674354553,
    0.4480028450489044,
    0.42584240436553955,
    0.4229554533958435,
    0.4366176128387451,
    0.46888941526412964,
    0.43588322401046753,
    0.42059680819511414,
    0.43243440985679626,
    0.4460770785808563,
    0.4213937222957611,
    0.43958622217178345,
    0.4312702417373657,
    0.4385978579521179,
    0.4233294427394867,
    0.41329336166381836,
    0.4286334216594696,
    0.4323764741420746,
    0.41450634598731995,
    0.4221443831920624,
    0.42797353863716125,
    0.4016123414039612,
    0.41272345185279846,
    0.4193737208843231,
    0.40849706530570984,
    0.4300217926502228,
    0.42972254753112793,
    0.42311525344848633,
    0.39897412061691284,
    0.4220268726348877,
    0.42290112376213074,
    0.43299466371536255,
    0.4312096834182739,
    0.406172513961792,
    0.4163314998149872,
    0.4206176698207855,
    0.4141097068786621,
    0.41462650895118713,
    0.4167751669883728,
    0.4103115499019623,
    0.4206453561782837,
    0.41438159346580505
  ],
  "val_sparse_categorical_accuracy": [
    0.7261785268783569,
    0.7512537837028503,
    0.7592778205871582,
    0.7703109383583069,
    0.7542628049850464,
    0.7622868418693542,
    0.7542628049850464,
    0.7723169326782227,
    0.7522567510604858,
    0.7622868418693542,
    0.7733199596405029,
    0.7753259539604187,
    0.7753259539604187,
    0.7713139653205872,
    0.776328980922699,
    0.7813440561294556,
    0.7873620986938477,
    0.8054162263870239,
    0.7833500504493713,
    0.79438316822052,
    0.7963891625404358,
    0.7953861355781555,
    0.7773320078849792,
    0.7893680930137634,
    0.79438316822052,
    0.7923771142959595,
    0.7893680930137634,
    0.79438316822052,
    0.7893680930137634,
    0.7973921895027161,
    0.7973921895027161,
    0.7973921895027161,
    0.8004012107849121,
    0.7983951568603516,
    0.7993981838226318,
    0.8094282746315002,
    0.8024072051048279,
    0.8014042377471924,
    0.8144433498382568,
    0.8094282746315002,
    0.8034102320671082,
    0.8074222803115845,
    0.8004012107849121,
    0.8004012107849121,
    0.8074222803115845,
    0.8104313015937805,
    0.8074222803115845,
    0.8094282746315002,
    0.8034102320671082,
    0.8024072051048279,
    0.8124372959136963,
    0.8114343285560608,
    0.8074222803115845,
    0.8104313015937805,
    0.8104313015937805,
    0.8114343285560608,
    0.8124372959136963,
    0.8114343285560608,
    0.8114343285560608
  ],
  "val_macro_f1": [
    0.7008164005848452,
    0.7427621712359291,
    0.7512805395933924,
    0.7599296191503713,
    0.7470729131570794,
    0.7606629333556434,
    0.7625531354606071,
    0.775164815669221,
    0.7662722991864607,
    0.7752652360217096,
    0.7813170358822111,
    0.7801517657536858,
    0.7810940854225169,
    0.7789785259615976,
    0.7869836074143046,
    0.7859604563800371,
    0.791221074412596,
    0.8008027264302966,
    0.7892137133846682,
    0.7942237242125436,
    0.7965710257735267,
    0.8004888849203409,
    0.7877811245605073,
    0.7934963837827358,
    0.7993497931357757,
    0.800795387871263,
    0.7937931704617562,
    0.8014146769876312,
    0.8050348756593377,
    0.8032692519547215,
    0.808649991601941,
    0.8089918848454054,
    0.8047180134568876,
    0.8101004115214863,
    0.8118599682248216,
    0.8174645474217017,
    0.8111875125715654,
    0.8124399022325862,
    0.817676710091756,
    0.8137287773069263,
    0.8132379106364136,
    0.8146380490438874,
    0.8121401540362985,
    0.8085946202926972,
    0.8156342795087779,
    0.8110647632751379,
    0.8146596426172439,
    0.8162016580866283,
    0.8139991208716267,
    0.8086029298529626,
    0.8169125312338611,
    0.8174603094694557,
    0.8134829477899335,
    0.8153988979778438,
    0.8152169187437543,
    0.8166396753738165,
    0.8156028682231156,
    0.8174603094694557,
    0.8163340841472915
  ],