{
    "2512": [
        [
            48.049593387548335,
            10572.66255513208
        ],
        [
            48.0743900813225,
            10829.265708203091
        ],
        [
            48.09918677509666,
            11115.041690021799
        ],
        [
            48.123983468870826,
            11348.54280660872
        ],
        [
            48.14878016264499,
            11486.36845636703
        ],
        [
            48.17357685641915,
            11547.12021946935
        ],
        [
            48.19837355019332,
            11555.554735140868
        ],
        [
            48.22317024396748,
            11564.898614840155
        ],
        [
            48.247966937741644,
            11600.953144611442
        ],
        [
            48.27276363151581,
            11635.533717414923
        ],
        [
            48.297560325289965,
            11650.772205566096
        ],
        [
            48.32235701906413,
            11665.78878519991
        ],
        [
            48.34715371283829,
            11685.52897108856
        ],
        [
            48.371950406612456,
            11700.318495085
        ],
        [
            48.39674710038662,
            11635.672653884702
        ],
        [
            48.42154379416078,
            11544.78272996314
        ],
        [
            48.44634048793495,
            11436.956185075522
        ],
        [
            48.47113718170911,
            11352.222988921785
        ],
        [
            48.495933875483274,
            11301.970736118006
        ],
        [
            48.52073056925744,
            11285.34200099936
        ],
        [
            48.5455272630316,
            11291.615256670408
        ]
    ],
    "2513": [
        [
            26.612451673110254,
            9766.876962934077
        ],
        [
            26.636448473536863,
            10046.813283999469
        ],
        [
            26.660445273963475,
            10314.95049299587
        ],
        [
            26.684442074390084,
            10744.844615116079
        ],
        [
            26.708438874816693,
            10821.901013759296
        ],
        [
            26.732435675243302,
            10876.941298504447
        ],
        [
            26.75643247566991,
            10887.949355453478
        ],
        [
            26.780429276096523,
            10832.909070708327
        ],
        [
            26.804426076523132,
            10755.85267206511
        ],
        [
            26.82842287694974,
            10667.788216472865
        ],
        [
            26.852419677376353,
            10590.731817829648
        ],
        [
            26.876416477802962,
            10498.195144160576
        ],
        [
            26.90041327822957,
            10194.441767664543
        ],
        [
            26.92441007865618,
            9842.183945295557
        ],
        [
            26.94840687908279,
            9456.901952079483
        ],
        [
            26.9724036795094,
            9104.644129710498
        ],
        [
            26.99444390956247,
            8884.482990729883
        ]
    ],
    "2514": [
        [
            41.57143995602977,
            9977.408179846745
        ],
        [
            41.58763278146927,
            9272.588715011114
        ],
        [
            41.59662879560232,
            8664.985728083846
        ],
        [
            41.61462082386842,
            8421.944533312939
        ],
        [
            41.63980966344097,
            8397.640413835848
        ],
        [
            41.66859690866674,
            8640.681608606756
        ],
        [
            41.70098255954573,
            9442.71755135075
        ],
        [
            41.72617139911828,
            10536.40292781983
        ],
        [
            41.73696661607794,
            11289.830631609642
        ],
        [
            41.7639546584771,
            11946.041857491091
        ],
        [
            41.77834828108998,
            12359.211888601632
        ],
        [
            41.79454110652948,
            12310.603649647452
        ],
        [
            41.808934729142365,
            12456.428366509996
        ],
        [
            41.825127554581854,
            12942.51075605181
        ],
        [
            41.84311958284796,
            13331.376667685261
        ],
        [
            41.86291081394068,
            13623.026101410349
        ],
        [
            41.88630045068661,
            13938.979654612529
        ]
    ],
    "2515": [
        [
            49.463003718828304,
            9353.879611042632
        ],
        [
            49.48386088204654,
            9138.287970731077
        ],
        [
            49.50769764001024,
            8965.814658481831
        ],
        [
            49.54196297958306,
            8922.69633041952
        ],
        [
            49.56728953491949,
            8858.018838326052
        ],
        [
            49.59410588762865,
            8750.223018170274
        ],
        [
            49.63433041669239,
            8750.223018170274
        ]
    ]
}