{
    "0": [
        [
            5.143314224770031,
            13245.635786260336
        ],
        [
            5.167311025196641,
            12937.030536734263
        ],
        [
            5.191307825623251,
            12520.785400099201
        ],
        [
            5.215304626049861,
            12231.852181940003
        ],
        [
            5.23930142647647,
            11893.464621752586
        ],
        [
            5.26329822690308,
            11523.971744276494
        ],
        [
            5.28729502732969,
            11096.994953849888
        ],
        [
            5.3112918277563,
            10623.8465275833
        ],
        [
            5.3352886281829095,
            10099.61384396931
        ],
        [
            5.359285428609519,
            9648.79306373824
        ],
        [
            5.383282229036129,
            9320.576306094707
        ],
        [
            5.407279029462739,
            9157.284991162674
        ],
        [
            5.431275829889349,
            8943.315542867422
        ],
        [
            5.455272630315958,
            8943.315542867422
        ],
        [
            5.479269430742568,
            9052.235042700155
        ],
        [
            5.503266231169178,
            9197.46104247713
        ],
        [
            5.527263031595788,
            9578.679291891693
        ],
        [
            5.551259832022398,
            10050.663791166866
        ],
        [
            5.575256632449007,
            10431.882040581428
        ],
        [
            5.599253432875617,
            10940.173039800844
        ],
        [
            5.623250233302227,
            11321.391289215406
        ],
        [
            5.647247033728837,
            11793.375788490577
        ],
        [
            5.6712438341554465,
            12210.900537849384
        ],
        [
            5.695240634582056,
            12701.038287096679
        ]
    ],
    "1": [
        [
            4.759365417944275,
            11691.170874013525
        ],
        [
            4.784504923153104,
            10618.887492317777
        ],
        [
            4.808561668686965,
            9596.832541863816
        ],
        [
            4.82859801124331,
            8761.783043146203
        ],
        [
            4.8599234387795915,
            8299.469127495338
        ],
        [
            4.885062943988421,
            8244.420383668841
        ],
        [
            4.91020244919725,
            8441.441291167224
        ],
        [
            4.93534195440608,
            8619.90757927531
        ],
        [
            4.960481459614909,
            8955.593266605056
        ],
        [
            4.985620964823738,
            9547.376316337515
        ],
        [
            5.004631592274044,
            10232.196290888085
        ],
        [
            5.028961436806747,
            10794.947040023868
        ],
        [
            5.059015950641263,
            11158.012039466306
        ],
        [
            5.081914627848513,
            11339.544539187527
        ],
        [
            5.10338213773031,
            11593.690038797235
        ],
        [
            5.1491794921448095,
            12210.900537849384
        ],
        [
            5.300883228642841,
            13699.46703556339
        ],
        [
            5.343818248406435,
            14207.758034782804
        ],
        [
            5.388184435495482,
            14734.202283974344
        ],
        [
            5.411083112702732,
            15079.11403344466
        ]
    ]
}