{
    "3635": [
        [
            50.97244943890575,
            8281.144919521206
        ],
        [
            50.979655550876274,
            8261.735592848514
        ],
        [
            50.99166573749382,
            8190.56806171531
        ],
        [
            51.00367592411137,
            8158.21918392749
        ],
        [
            51.020490185375934,
            8145.279632812362
        ],
        [
            51.03129935333173,
            8184.098286157746
        ],
        [
            51.05411870790507,
            8307.024021751462
        ],
        [
            51.07093296916964,
            8481.707961805689
        ],
        [
            51.08534519311069,
            8656.391901859917
        ],
        [
            51.11296862233105,
            8889.30382193222
        ],
        [
            51.144195107536675,
            9070.457537544013
        ],
        [
            51.16701446211002,
            9219.262375367984
        ],
        [
            51.17902464872756,
            9303.369457616316
        ],
        [
            51.201844003300906,
            9536.28137768862
        ]
    ],
    "3636": [
        [
            54.47493846096548,
            9998.632058668609
        ],
        [
            54.48860419532244,
            9964.61048753174
        ],
        [
            54.50812667297524,
            9956.105094747523
        ],
        [
            54.52960139839331,
            9956.105094747523
        ],
        [
            54.55498061934195,
            9990.12666588439
        ],
        [
            54.57059860146419,
            10092.191379294996
        ],
        [
            54.58621658358643,
            10347.353162821506
        ],
        [
            54.59988231794338,
            10491.944840153195
        ],
        [
            54.63111828218786,
            10687.568874190189
        ]
    ]
}