{
    "2905": [
        [
            15.673609468623077,
            12457.255378247406
        ],
        [
            15.733702636937615,
            12401.496263911831
        ],
        [
            15.793795805252154,
            12308.56440668587
        ],
        [
            15.84660495316493,
            12215.632549459908
        ],
        [
            15.890309075575503,
            12094.821135066159
        ],
        [
            15.955865259191363,
            12029.768835007986
        ],
        [
            16.01049541220458,
            11946.13016350462
        ],
        [
            16.059662549916474,
            11825.318749110871
        ],
        [
            16.101545667226606,
            11639.45503465895
        ],
        [
            16.134323759034537,
            11462.884505929622
        ],
        [
            16.15435481513938,
            11369.952648703662
        ]
    ],
    "2906": [
        [
            46.07385681909079,
            9278.990079040153
        ],
        [
            46.098217207402655,
            9167.250954650546
        ],
        [
            46.12257759571452,
            9048.819208998235
        ],
        [
            46.14693798402638,
            8971.838917175299
        ],
        [
            46.171298372338235,
            8911.356894129452
        ],
        [
            46.1956587606501,
            8877.316562868116
        ],
        [
            46.22001914896196,
            8820.367038841428
        ],
        [
            46.24437953727382,
            8753.832591460787
        ],
        [
            46.268739925585685,
            8702.025231905713
        ],
        [
            46.29310031389755,
            8664.395994173956
        ],
        [
            46.31746070220941,
            8649.93104489096
        ],
        [
            46.341821090521265,
            8635.197036307034
        ],
        [
            46.36618147883313,
            8607.532862670225
        ],
        [
            46.39054186714499,
            8562.825426477822
        ],
        [
            46.41490225545685,
            8528.679513702271
        ],
        [
            46.439262643768714,
            8503.430065624283
        ],
        [
            46.46362303208058,
            8468.769453573503
        ],
        [
            46.48798342039244,
            8428.081009490135
        ],
        [
            46.5123438087043,
            8394.692021280534
        ],
        [
            46.53670419701616,
            8358.285323127337
        ],
        [
            46.56106458532802,
            8315.075313616999
        ],
        [
            46.58542497363988,
            8255.401361212804
        ],
        [
            46.609785361951744,
            8173.031544073689
        ]
    ],
    "2907": [
        [
            10.254632715637916,
            10480.967406051788
        ],
        [
            10.278629516064525,
            10874.948144718026
        ],
        [
            10.302626316491136,
            11026.304072939318
        ],
        [
            10.326623116917744,
            10927.464940840215
        ],
        [
            10.350619917344355,
            10767.890904167487
        ],
        [
            10.374616717770964,
            10444.610319573074
        ],
        [
            10.398613518197575,
            9878.801526036556
        ],
        [
            10.421839066869127,
            9293.12779910255
        ]
    ],
    "2908": [
        [
            32.62972512166276,
            12613.749543607515
        ],
        [
            32.672106895902814,
            12338.190189901716
        ],
        [
            32.70271595507618,
            12111.83786364338
        ],
        [
            32.75451590136957,
            11846.119915427074
        ],
        [
            32.78983404656962,
            11600.084778189754
        ],
        [
            32.82750673478299,
            11216.269964099534
        ],
        [
            32.853406707929686,
            10940.710610393735
        ],
        [
            32.86988850902304,
            10665.151256687936
        ],
        [
            32.88166122408972,
            10527.371579835035
        ],
        [
            32.91227028326309,
            10419.116119450615
        ],
        [
            32.968779315583156,
            10389.591902982136
        ],
        [
            33.01351563283654,
            10438.7989304296
        ],
        [
            33.06531557912993,
            10704.516878645907
        ],
        [
            33.09121555227663,
            10950.552015883228
        ],
        [
            33.13830641254335,
            11413.09807388939
        ],
        [
            33.220715418010116,
            12259.458945985774
        ],
        [
            33.26780627827684,
            12653.115165565487
        ]
    ],
    "2909": [
        [
            4.776153264084145,
            10983.643622800384
        ],
        [
            4.8001204676961144,
            11113.681034404291
        ],
        [
            4.82708357175958,
            11373.755857612103
        ],
        [
            4.848054874920054,
            11477.785786895227
        ],
        [
            4.895989282143994,
            11425.770822253666
        ],
        [
            4.952911390722421,
            11373.755857612103
        ],
        [
            4.997849897494865,
            11191.703481366634
        ],
        [
            5.045784304718804,
            11035.658587441947
        ],
        [
            5.093718711942743,
            10905.621175838041
        ],
        [
            5.156632621424164,
            10723.568799592573
        ],
        [
            5.180599825036134,
            10307.449082460073
        ],
        [
            5.225538331808576,
            10047.374259252261
        ],
        [
            5.27047683858102,
            9891.329365327572
        ],
        [
            5.321407146256455,
            9579.239577478198
        ],
        [
            5.38132515528638,
            9215.13482498726
        ],
        [
            5.435251363413311,
            8851.030072496324
        ],
        [
            5.486181671088747,
            8512.932802326168
        ]
    ],
    "2910": [
        [
            10.20194131708461,
            11792.585166473893
        ],
        [
            10.3032425276595,
            11636.369081013185
        ],
        [
            10.414426783168526,
            11655.896091695773
        ],
        [
            10.545377128545823,
            11597.315059648006
        ],
        [
            10.654090622821315,
            11577.788048965418
        ],
        [
            10.75292107216267,
            11441.098974187298
        ],
        [
            10.814690103001016,
            11323.936910091767
        ],
        [
            10.86657608890523,
            11031.031749852937
        ],
        [
            10.928345119743577,
            10699.072568248932
        ]
    ],
    "2911": [
        [
            58.32976008725986,
            9025.0988010051
        ],
        [
            58.37218548307265,
            8590.364651276763
        ],
        [
            58.41461087888544,
            8404.050015678904
        ],
        [
            58.46552135386079,
            8295.36647824682
        ],
        [
            58.52491690799869,
            8202.20916044789
        ],
        [
            58.57582738297403,
            8140.10428191527
        ],
        [
            58.649364735716205,
            8015.894524850031
        ],
        [
            58.68896177180814,
            8000.368305216876
        ]
    ],