{
    "462": [
        [
            19.421410478602855,
            15066.716378285328
        ],
        [
            19.445877804528024,
            15018.234614702309
        ],
        [
            19.470345130453197,
            15018.234614702309
        ],
        [
            19.494812456378366,
            15018.234614702309
        ],
        [
            19.51927978230354,
            14969.75285111929
        ],
        [
            19.543747108228708,
            14897.030205744762
        ],
        [
            19.56821443415388,
            14727.344033204197
        ],
        [
            19.59268176007905,
            14581.898742455138
        ],
        [
            19.617149086004222,
            14363.730806331554
        ],
        [
            19.64161641192939,
            14266.767279165517
        ],
        [
            19.666083737854564,
            12909.277898840992
        ],
        [
            19.690551063779733,
            12409.032088419472
        ],
        [
            19.715018389704905,
            11787.34087700366
        ],
        [
            19.739485715630074,
            11321.163137005984
        ],
        [
            19.763953041555247,
            10660.868259713367
        ],
        [
            19.78247530603026,
            9927.649438485334
        ],
        [
            19.79139937197233,
            9564.036211612693
        ],
        [
            19.811032317044873,
            10000.372083859864
        ]
    ],
    "463": [
        [
            52.297027063058266,
            10908.930671532244
        ],
        [
            52.32140476507895,
            11445.345962605517
        ],
        [
            52.34578246709963,
            11823.821112438767
        ],
        [
            52.37016016912032,
            12044.147646694011
        ],
        [
            52.394537871141,
            12226.58536732187
        ],
        [
            52.418915573161684,
            12406.102247332978
        ],
        [
            52.44329327518236,
            12587.218862029347
        ],
        [
            52.46767097720305,
            12638.184362764006
        ],
        [
            52.49204867922373,
            12648.372458050946
        ],
        [
            52.516426381244415,
            12706.578474496291
        ],
        [
            52.540804083265094,
            12852.881838789028
        ],
        [
            52.56518178528578,
            13043.425343969635
        ],
        [
            52.58955948730646,
            13195.503292914522
        ],
        [
            52.613937189327146,
            13307.272833576815
        ],
        [
            52.638314891347825,
            13418.101373398184
        ],
        [
            52.66269259336851,
            13574.77435260923
        ],
        [
            52.68707029538919,
            13718.510559850798
        ],
        [
            52.71144799740988,
            13701.947903528366
        ],
        [
            52.735825699430556,
            13742.837525417612
        ],
        [
            52.76020340145124,
            13756.467399380694
        ],
        [
            52.78458110347192,
            13879.13626504843
        ],
        [
            52.80895880549261,
            14219.883114125478
        ],
        [
            52.91379998965468,
            15800.948493842974
        ],
        [
            52.931393563567234,
            16046.286225178446
        ]
    ],
    "464": [
        [
            50.98520197307026,
            9950.616401758522
        ],
        [
            51.00936201703719,
            9979.354908642554
        ],
        [
            51.03352206100411,
            10112.485175318703
        ],
        [
            51.05768210497104,
            10245.745053479759
        ],
        [
            51.081842148937966,
            10374.45469924416
        ],
        [
            51.106002192904896,
            10538.149747693451
        ],
        [
            51.130162236871826,
            10735.27546554799
        ],
        [
            51.15432228083875,
            10977.187888529337
        ],
        [
            51.17848232480568,
            11205.754454526645
        ],
        [
            51.2026423687726,
            11433.907241452236
        ],
        [
            51.22680241273953,
            11674.85486162916
        ],
        [
            51.25096245670646,
            11929.192698022696
        ],
        [
            51.27512250067338,
            12059.15423245298
        ],
        [
            51.29928254464031,
            12169.655987578324
        ],
        [
            51.323442588607236,
            12227.016795160302
        ],
        [
            51.347602632574166,
            12275.587426646014
        ],
        [
            51.37176267654109,
            12330.094436401707
        ],
        [
            51.39592272050802,
            12394.03375320872
        ],
        [
            51.42008276447495,
            12509.82718301329
        ],
        [
            51.44424280844187,
            12717.206991665153
        ],
        [
            51.4684028524088,
            12934.821686565603
        ],
        [
            51.49256289637572,
            13156.004731650824
        ],
        [
            51.51672294034265,
            13387.310357289898
        ],
        [
            51.54088298430958,
            13590.853345935033
        ],
        [
            51.565043028276506,
            13772.23243619678
        ],
        [
            51.589203072243436,
            13929.772756727765
        ],
        [
            51.61336311621036,
            14052.265968706062
        ],
        [
            51.63752316017729,
            14123.14655748563
        ],
        [
            51.66168320414422,
            14128.175172238818
        ],
        [
            51.68584324811114,
            14126.789374270938
        ],
        [
            51.71000329207807,
            14114.744020870245
        ],
        [
            51.73416333604499,
            14004.878549566076
        ],
        [
            51.75832338001192,
            13827.252574857013
        ],
        [
            51.78248342397885,
            13594.161974515766
        ],
        [
            51.806643467945776,
            13308.22744826336
        ],
        [
            51.830803511912706,
            12920.411225314461
        ],
        [
            51.85496355587963,
            12476.249327174168
        ],
        [
            51.87912359984656,
            11987.913131036874
        ],
        [
            51.90328364381348,
            11445.524718488892
        ],
        [
            51.92744368778041,
            10458.037900314881
        ],
        [
            51.95160373174734,
            10062.771555385507
        ],
        [
            51.97576377571426,
            9776.544202160789
        ],
        [
            51.99992381968119,
            9517.576596862233
        ],
        [
            52.024083863648116,
            9231.349243637513
        ],
        [
            52.048243907615046,
            9026.901134191285
        ],
        [
            52.072403951581975,
            8767.933528892729
        ],
        [
            52.0965639955489,
            8468.076301704928
        ],
        [
            52.12072403951583,
            8331.777562074109
        ],
        [
            52.14488408348275,
            8127.3294526278805
        ],
        [
            52.16904412744968,
            7909.251469218571
        ]
    ],