{
    "3515": [
        [
            58.37800564114413,
            8223.290557098913
        ],
        [
            58.401111610129476,
            8442.769671342638
        ],
        [
            58.4461682496509,
            8565.269642083322
        ],
        [
            58.506243769012805,
            8687.769612824006
        ],
        [
            58.56516398992544,
            8876.62373438256
        ],
        [
            58.6090653309976,
            9096.102848626284
        ],
        [
            58.65643256741756,
            9295.165301079895
        ],
        [
            58.678383237953646,
            9346.206955555179
        ],
        [
            58.75001174180822,
            9417.665271820577
        ],
        [
            58.77658360614137,
            9473.811091743391
        ],
        [
            58.79391308288038,
            9596.311062484074
        ]
    ],
    "3516": [
        [
            55.812165116747515,
            8416.191626954365
        ],
        [
            55.82748773417049,
            7687.764550016278
        ],
        [
            55.83974582810886,
            7478.065846049253
        ],
        [
            55.85966523075872,
            7566.360037193263
        ],
        [
            55.88264915689318,
            7974.720671234312
        ],
        [
            55.90563308302763,
            8515.522591991377
        ],
        [
            55.943939626585056,
            8824.552260995415
        ],
        [
            55.99450426408086,
            9122.545156106451
        ],
        [
            56.052730210288146,
            9442.611599003489
        ],
        [
            56.08490770687638,
            9641.273529077513
        ],
        [
            56.11861746520692,
            11164.348326311696
        ],
        [
            56.16305305573353,
            11374.047030278722
        ],
        [
            56.21668221671392,
            11782.40766431977
        ],
        [
            56.26418233072513,
            12146.621202788814
        ],
        [
            56.3300695856439,
            12532.90828904386
        ],
        [
            56.36990839094362,
            12819.864410261896
        ],
        [
            56.412811719727934,
            13073.710209800925
        ],
        [
            56.44652147805847,
            13150.967627051934
        ],
        [
            56.47103766593522,
            13139.930853158934
        ],
        [
            56.49708611555427,
            13040.599888121922
        ],
        [
            56.53998944433859,
            12709.496671331883
        ],
        [
            56.54918301479237,
            12488.761193471855
        ],
        [
            56.587489558349795,
            11131.238004632693
        ]
    ]
}