{
    "2464": [
        [
            3.7363825015801746,
            16509.307598926447
        ],
        [
            3.758118912671791,
            16679.54873753134
        ],
        [
            3.8043087862414753,
            16785.949449159394
        ],
        [
            3.8450645570382562,
            16743.38916450817
        ],
        [
            3.8994055847672966,
            16658.268595205725
        ],
        [
            3.9428784069505296,
            16445.46717194961
        ],
        [
            3.9917853319066663,
            15700.662190553212
        ],
        [
            4.024389948544091,
            14508.97422031897
        ],
        [
            4.048843411022159,
            13934.410377527463
        ],
        [
            4.067862770727324,
            13274.725965433507
        ],
        [
            4.097750335978295,
            12678.881980316388
        ],
        [
            4.124920849842816,
            12380.959987757828
        ],
        [
            4.160242517866693,
            12125.59827985049
        ],
        [
            4.206432391436377,
            11870.236571943153
        ],
        [
            4.239037008073802,
            11551.034437058981
        ],
        [
            4.260773419165418,
            11061.59116356992
        ],
        [
            4.2716416247112265,
            10274.225897522294
        ],
        [
            4.285226881643487,
            9806.062766358844
        ],
        [
            4.298812138575746,
            9508.140773800284
        ],
        [
            4.328699703826719,
            9380.459919846615
        ],
        [
            4.377606628782856,
            9274.059208218558
        ],
        [
            4.41021124542028,
            9167.6584965905
        ],
        [
            4.456401118989965,
            8976.137215659997
        ],
        [
            4.50259099255965,
            8848.456361706329
        ],
        [
            4.54334676335643,
            8763.335792403883
        ]
    ],
    "2465": [
        [
            19.213110877532063,
            16013.126794044125
        ],
        [
            19.23043594187442,
            15505.271757756002
        ],
        [
            19.255432608985473,
            14828.283019768473
        ],
        [
            19.280429276096523,
            14049.596059185831
        ],
        [
            19.305425943207574,
            13560.19273251158
        ],
        [
            19.330422610318628,
            12916.61615899386
        ],
        [
            19.35541927742968,
            12430.830572674122
        ],
        [
            19.380415944540733,
            11946.678558363816
        ],
        [
            19.405412611651784,
            11405.708906175074
        ]
    ],
    "2466": [
        [
            3.42392159213819,
            17339.233149625292
        ],
        [
            3.4646773629349705,
            17339.233149625292
        ],
        [
            3.4945649281859428,
            17147.71186869479
        ],
        [
            3.5163013392775593,
            16573.14802590328
        ],
        [
            3.5570571100743402,
            15530.42105194832
        ],
        [
            3.589661726711764,
            14764.335928226308
        ],
        [
            3.6494368572137095,
            13764.169238922572
        ],
        [
            3.6929096793969416,
            13061.924542177392
        ],
        [
            3.7418166043530787,
            12487.360699385885
        ],
        [
            3.801591734855023,
            12104.318137524879
        ],
        [
            3.842347505651804,
            11976.63728357121
        ],
        [
            3.888537379221489,
            11934.076998919987
        ],
        [
            3.915707893086009,
            11934.076998919987
        ],
        [
            3.967331869428598,
            11955.357141245599
        ],
        [
            4.037975205476351,
            11912.796856594376
        ],
        [
            4.1004673873647475,
            11870.236571943153
        ],
        [
            4.1466572609344325,
            11848.956429617541
        ],
        [
            4.217300596982185,
            11848.956429617541
        ],
        [
            4.274358676097679,
            11848.956429617541
        ],
        [
            4.334133806599623,
            11848.956429617541
        ],
        [
            4.383040731555759,
            11763.835860315095
        ],
        [
            4.445532913444157,
            11657.435148687038
        ],
        [
            4.486288684240938,
            11402.0734407797
        ],
        [
            4.510742146719005,
            10933.91030961625
        ],
        [
            4.537912660583526,
            10401.906751475963
        ],
        [
            4.575951379993855,
            9784.782624033232
        ],
        [
            4.60855599663128,
            9550.701058451506
        ],
        [
            4.624858304949992,
            9188.938638916112
        ],
        [
            4.671048178519676,
            9018.69750031122
        ],
        [
            4.730823309021621,
            8976.137215659997
        ],
        [
            4.806900747842278,
            8954.857073334386
        ],
        [
            4.874827032503579,
            9018.69750031122
        ],
        [
            4.934602163005524,
            9146.378354264889
        ],
        [
            4.99709434489392,
            9359.179777521003
        ],
        [
            5.059586526782318,
            9657.101770079564
        ],
        [
            5.113927554511358,
            9912.463477986901
        ],
        [
            5.162834479467495,
            10210.385470545461
        ],
        [
            5.209024353037179,
            10635.98831705769
        ]
    ],
    "2467": [
        [
            21.38914811358486,
            11431.957965366199
        ],
        [
            21.41403368439764,
            10922.245085661203
        ],
        [
            21.438919255210422,
            10467.173619706487
        ],
        [
            21.4638048260232,
            10105.134246992793
        ],
        [
            21.48869039683598,
            9824.898427749826
        ],
        [
            21.513575967648762,
            9654.172762828994
        ],
        [
            21.538461538461544,
            9611.785669430621
        ],
        [
            21.56334710927432,
            9657.450020842367
        ],
        [
            21.588232680087103,
            9773.049568984412
        ],
        [
            21.613118250899884,
            9817.502539902884
        ],
        [
            21.638003821712665,
            9804.335276375334
        ],
        [
            21.662889392525447,
            9786.694387811975
        ],
        [
            21.687774963338224,
            9777.939570708786
        ],
        [
            21.712660534151006,
            9747.15196011394
        ],
        [
            21.737546104963787,
            9516.953741418447
        ],
        [
            21.76243167577657,
            9323.969895357592
        ],
        [
            21.787317246589346,
            9265.964402635178
        ],
        [
            21.812202817402127,
            9544.242100130748
        ],
        [
            21.83708838821491,
            9643.928381626805
        ]
    ],