{
    "2381": [
        [
            37.67986515277322,
            16011.164480289784
        ],
        [
            37.70473996957072,
            15655.3890071654
        ],
        [
            37.73152823381419,
            15001.221201743147
        ],
        [
            37.76979718273342,
            13669.932334568035
        ],
        [
            37.813806473990546,
            12671.4656841867
        ],
        [
            37.83485439589613,
            12338.643467392922
        ],
        [
            37.85972921269363,
            12189.447301243988
        ],
        [
            37.91904608351845,
            11868.101712615513
        ],
        [
            37.951574690099804,
            11661.522405640064
        ],
        [
            37.99749742880289,
            11592.662636648247
        ],
        [
            38.04916050984386,
            11558.23275215234
        ],
        [
            38.106563933222716,
            11512.326239491129
        ],
        [
            38.16014046170965,
            11500.849611325826
        ],
        [
            38.19458251573697,
            11374.606701507495
        ],
        [
            38.215630437642545,
            11271.317048019773
        ],
        [
            38.286427993143135,
            11753.335430962485
        ],
        [
            38.32278349461641,
            11833.671828119604
        ],
        [
            38.35531210119777,
            11879.578340780816
        ],
        [
            38.39740794500893,
            11787.765315458393
        ],
        [
            38.44524413115798,
            11569.709380317643
        ],
        [
            38.47777273773933,
            11581.186008482946
        ],
        [
            38.51221479176664,
            11581.186008482946
        ],
        [
            38.556224083023764,
            11523.802867656432
        ],
        [
            38.59640647938897,
            11443.466470499312
        ],
        [
            38.66146369255167,
            11340.176817011588
        ]
    ],
    "2382": [
        [
            58.32022397013732,
            6759.093343021848
        ],
        [
            58.34688708172244,
            6968.204565344149
        ],
        [
            58.373550193307565,
            7217.491923150098
        ],
        [
            58.40021330489269,
            7423.975651546134
        ],
        [
            58.42687641647781,
            7615.969201250214
        ],
        [
            58.45353952806293,
            7895.537863108161
        ],
        [
            58.480202639648056,
            8133.394360265886
        ]
    ],
    "2383": [
        [
            19.974937437634324,
            12241.375132441392
        ],
        [
            20.053326223170245,
            12871.654296017346
        ],
        [
            20.07865617917611,
            13033.534874163735
        ],
        [
            20.103986135181977,
            13263.251922349706
        ],
        [
            20.129316091187842,
            13440.92870368831
        ],
        [
            20.154646047193708,
            13634.774144623418
        ],
        [
            20.18728701215668,
            14004.664121155838
        ]
    ],
    "2384": [
        [
            6.239168110918545,
            11001.66658191823
        ],
        [
            6.2639648046927086,
            11179.700834167055
        ],
        [
            6.288761498466871,
            11391.620536099681
        ],
        [
            6.313558192241035,
            11613.257913687585
        ],
        [
            6.338354886015199,
            11752.21928322353
        ],
        [
            6.363151579789362,
            11930.797867399166
        ],
        [
            6.387948273563525,
            12042.356311948475
        ],
        [
            6.412744967337689,
            12154.366837697571
        ],
        [
            6.437541661111853,
            12389.928686778396
        ]
    ],
    "2385": [
        [
            14.926009865351288,
            14874.011384579553
        ],
        [
            14.952006399146782,
            14933.936793690009
        ],
        [
            14.978002932942275,
            15077.745551834174
        ],
        [
            15.003999466737769,
            14839.417856541733
        ],
        [
            15.029996000533263,
            14673.026932347277
        ]
    ],
    "2386": [
        [
            30.515931209172113,
            13399.636028272113
        ],
        [
            30.53992800959872,
            12973.838072812592
        ],
        [
            30.56392481002533,
            12264.098773115516
        ],
        [
            30.587921610451943,
            11976.434787170625
        ],
        [
            30.611918410878552,
            11914.008884581322
        ],
        [
            30.63591521130516,
            12068.735517382205
        ]
    ],
    "2387": [
        [
            31.181127485743573,
            7503.891576475367
        ],
        [
            31.21532728191148,
            7012.527718406257
        ],
        [
            31.239267139229014,
            6503.615151120393
        ],
        [
            31.26320699654655,
            5977.153874617776
        ],
        [
            31.28543686405569,
            5643.7283994994505
        ]
    ],
    "2388": [
        [
            15.48593520863885,
            14353.241877891494
        ],
        [
            15.511265164644715,
            14399.384988724927
        ],
        [
            15.536595120650581,
            14595.825998064809
        ],
        [
            15.561925076656447,
            14927.174088216332
        ],
        [
            15.587255032662313,
            15051.473543114907
        ],
        [
            15.612584988668178,
            15223.644685985602
        ],
        [
            15.637914944674044,
            15523.220785754436
        ],
        [
            15.663244900679912,
            15764.356193315763
        ],
        [
            15.688574856685777,
            15996.513660248738
        ],
        [
            15.713904812691643,
            16235.293621260524
        ],
        [
            15.739234768697509,
            16403.145772213924
        ],
        [
            15.764564724703375,
            16579.034103212216
        ],
        [
            15.78989468070924,
            16779.963296216563
        ]
    ],
    "2389": [
        [
            35.009429183102384,
            13297.251109284229
        ],
        [
            35.03016254772623,
            13108.30557235056
        ],
        [
            35.0661003797409,
            12402.245934335273
        ],
        [
            35.10894933329685,
            12302.8009148965
        ],
        [
            35.167002754243626,
            12193.41139351385
        ],
        [
            35.21676282934086,
            12103.910876018956
        ],
        [
            35.26790512874635,
            11944.798844916919
        ],
        [
            35.32181187676836,
            11855.298327422024
        ],
        [
            35.350838587241746,
            11885.131833253654
        ],
        [
            35.410274232496775,
            11745.908806039373
        ],
        [
            35.45312318605273,
            11616.630280768968
        ],
        [
            35.49873658822519,
            11487.351755498563
        ],
        [
            35.52776329869858,
            11268.572712733265
        ],
        [
            35.55955445778848,
            10960.293152473068
        ],
        [
            35.58858116826187,
            10572.457576661855
        ],
        [
            35.60931453288572,
            10383.512039728186
        ]
    ],