{
    "2498": [
        [
            0.0035440664150745427,
            13166.454600091749
        ],
        [
            0.031841986756589336,
            13260.600153234733
        ],
        [
            0.06687750717941732,
            13401.81848294921
        ],
        [
            0.08709030742335644,
            13590.109589235177
        ],
        [
            0.10595558765103308,
            13754.864307235399
        ]
    ],
    "2499": [
        [
            56.36320953315559,
            18907.233729612806
        ],
        [
            56.37790945210448,
            15592.768461389376
        ],
        [
            56.39995933052783,
            13372.988969826894
        ],
        [
            56.43082916032051,
            12217.487316684781
        ],
        [
            56.47198893337742,
            11609.328551873143
        ],
        [
            56.517558682119,
            11305.249169467324
        ],
        [
            56.58958828496859,
            11609.328551873143
        ],
        [
            56.651327944553955,
            11943.815872519544
        ],
        [
            56.70277766087509,
            12430.342884368854
        ],
        [
            56.73658747445755,
            13281.76515510515
        ],
        [
            56.7865671988838,
            14771.754128893663
        ],
        [
            56.82625698004582,
            16048.887534998104
        ],
        [
            56.85271683415383,
            16809.085991012653
        ],
        [
            56.8718267287874,
            17204.389188140216
        ],
        [
            56.8997565747903,
            17326.020941102546
        ],
        [
            56.923276445108534,
            17173.981249899636
        ],
        [
            56.94385633163699,
            16535.414546847416
        ],
        [
            56.96590621006033,
            15714.400214351703
        ],
        [
            56.99383605606324,
            14802.162067134246
        ],
        [
            57.02617587775081,
            13889.923919916788
        ],
        [
            57.05851569943838,
            12643.19845205293
        ],
        [
            57.08056557786172,
            11761.368243076053
        ],
        [
            57.09232551302084,
            10879.538034099176
        ],
        [
            57.108495423864625,
            10058.523701603464
        ],
        [
            57.123195342813524,
            9815.26019567881
        ],
        [
            57.13936525365731,
            9693.628442716481
        ],
        [
            57.149655196921536,
            8203.639468927966
        ],
        [
            57.16582510776532,
            8142.823592446803
        ],
        [
            57.183465010503994,
            8112.41565420622
        ],
        [
            57.195224945663114,
            7808.336271800401
        ],
        [
            57.2113948565069,
            7291.4013217105085
        ],
        [
            57.227564767350685,
            7108.953692267017
        ],
        [
            57.2540246214587,
            6926.506062823525
        ]
    ],
    "2500": [
        [
            9.675285409492844,
            12782.726803437869
        ],
        [
            9.684105360862182,
            12237.334834873345
        ],
        [
            9.69439530412641,
            11752.541973927102
        ],
        [
            9.704685247390636,
            11732.342271387675
        ],
        [
            9.73114510149865,
            12156.536024715639
        ],
        [
            9.757604955606663,
            12883.725316135002
        ],
        [
            9.769364890765779,
            13449.316987238954
        ],
        [
            9.789944777294235,
            14035.10836088233
        ]
    ],
    "2501": [
        [
            9.100518578591004,
            15651.084564036473
        ],
        [
            9.11815848132968,
            14176.506278658318
        ],
        [
            9.124038448909237,
            13651.314012633222
        ],
        [
            9.132858400278575,
            13570.515202475513
        ],
        [
            9.141678351647913,
            13711.913120251502
        ],
        [
            9.146088327332581,
            13853.311038027488
        ],
        [
            9.157848262491699,
            14136.106873579463
        ]
    ],
    "2502": [
        [
            1.999733368884149,
            18090.113128290242
        ],
        [
            2.0237301693107588,
            17723.898560388847
        ],
        [
            2.0477269697373686,
            17412.897614130565
        ],
        [
            2.0717237701639784,
            17277.45451129863
        ],
        [
            2.0888252219352363,
            17191.263445860124
        ],
        [
            2.0956535989722456,
            16883.43821215118
        ],
        [
            2.119717371017198,
            16526.214142636985
        ],
        [
            2.1437141714438077,
            15803.747320190456
        ],
        [
            2.1677109718704175,
            14937.20376336949
        ],
        [
            2.1917077722970273,
            14015.022724578643
        ],
        [
            2.215704572723637,
            13166.353193442634
        ],
        [
            2.239701373150247,
            12253.746697168668
        ],
        [
            2.2636981735768567,
            12093.677575640018
        ],
        [
            2.2876949740034664,
            12032.11252889823
        ],
        [
            2.3116917744300762,
            11995.173500853156
        ],
        [
            2.335688574856686,
            11921.295444763009
        ],
        [
            2.359685375283296,
            12069.051556943303
        ],
        [
            2.3836821757099056,
            12204.494659775239
        ],
        [
            2.4076789761365154,
            12413.81581869732
        ],
        [
            2.431675776563125,
            12561.571930877613
        ],
        [
            2.455672576989735,
            12660.076005664474
        ],
        [
            2.4796693774163447,
            12709.328043057905
        ],
        [
            2.5036661778429545,
            12733.95406175462
        ],
        [
            2.5276629782695643,
            12704.701228263926
        ]
    ],
    "2503": [
        [
            39.409725570270965,
            10912.832505936452
        ],
        [
            39.4195024502992,
            10819.200784864972
        ],
        [
            39.43579725034626,
            10819.200784864972
        ],
        [
            39.445574130374496,
            10819.200784864972
        ],
        [
            39.46078261041842,
            10912.832505936452
        ],
        [
            39.46947317044352,
            11162.5170954604
        ],
        [
            39.49011325050313,
            13222.414959032969
        ],
        [
            39.50314909054078,
            14720.522496176654
        ]
    ],
    "2504": [
        [
            0.4479402746300494,
            14372.398225083667
        ],
        [
            0.47193707505665916,
            14575.549033380736
        ],
        [
            0.49593387548326895,
            14973.238779250829
        ],
        [
            0.5199306759098787,
            15078.097908111027
        ]
    ],