{
    "2632": [
        [
            40.458605519264104,
            9798.003096246784
        ],
        [
            40.48260231969071,
            9777.204780702667
        ],
        [
            40.50659912011732,
            9887.057412115557
        ],
        [
            40.53059592054393,
            10053.886066138704
        ],
        [
            40.55459272097054,
            10295.551657850528
        ],
        [
            40.57858952139715,
            10549.330171815223
        ],
        [
            40.60258632182376,
            10815.564391098314
        ],
        [
            40.62658312225037,
            11118.87527992386
        ],
        [
            40.65057992267698,
            11330.509231969303
        ],
        [
            40.67457672310359,
            11514.628786835934
        ],
        [
            40.6985735235302,
            11847.740581881479
        ],
        [
            40.72257032395681,
            12122.798612540964
        ],
        [
            40.74656712438342,
            12315.565512128378
        ],
        [
            40.77056392481003,
            12547.528088223105
        ]
    ],
    "2633": [
        [
            33.235568590854555,
            10616.406520536664
        ],
        [
            33.25994629287524,
            10588.338842791745
        ],
        [
            33.28432399489592,
            10610.602334675772
        ],
        [
            33.30870169691661,
            10588.778321500502
        ],
        [
            33.333079398937286,
            10607.513324150084
        ],
        [
            33.35745710095797,
            10743.004991522404
        ],
        [
            33.38183480297865,
            10948.708382030161
        ],
        [
            33.40621250499934,
            11164.515098002234
        ],
        [
            33.43059020702002,
            11359.599040782336
        ],
        [
            33.454967909040704,
            11647.32557741608
        ],
        [
            33.47934561106138,
            11955.797380407099
        ],
        [
            33.50372331308207,
            12332.57683006219
        ],
        [
            33.52810101510275,
            12760.671207085725
        ],
        [
            33.552478717123435,
            13164.243451585602
        ],
        [
            33.576856419144114,
            13526.062354768314
        ],
        [
            33.6012341211648,
            13906.787927029172
        ],
        [
            33.62561182318548,
            14290.867616215295
        ],
        [
            33.649989525206166,
            14673.106895352099
        ],
        [
            33.674367227226846,
            15022.574567952604
        ],
        [
            33.69874492924753,
            15378.723141398379
        ],
        [
            33.72312263126821,
            15769.408066412583
        ],
        [
            33.7475003332889,
            16026.139605918066
        ]
    ],
    "2634": [
        [
            30.66791094520731,
            10349.535349332959
        ],
        [
            30.692193421829476,
            10043.852764173012
        ],
        [
            30.71647589845164,
            10071.95357303723
        ],
        [
            30.740758375073803,
            10244.84779930921
        ],
        [
            30.765040851695968,
            10481.98451582583
        ],
        [
            30.789323328318133,
            10766.3083226931
        ],
        [
            30.8136058049403,
            11063.546410634679
        ],
        [
            30.837888281562464,
            11281.647993470428
        ],
        [
            30.86217075818463,
            11483.259735842257
        ],
        [
            30.88645323480679,
            11656.37281343875
        ],
        [
            30.910735711428956,
            11869.299582005939
        ],
        [
            30.93501818805112,
            12216.31238648185
        ],
        [
            30.959300664673286,
            12619.883565542486
        ],
        [
            30.98358314129545,
            13005.393739536863
        ],
        [
            31.007865617917616,
            13400.364825148867
        ],
        [
            31.032148094539778,
            13791.89506113511
        ],
        [
            31.056430571161943,
            14211.596883003242
        ],
        [
            31.08071304778411,
            14632.338702922125
        ],
        [
            31.104995524406274,
            14927.201714119568
        ],
        [
            31.12927800102844,
            15205.546985563775
        ],
        [
            31.1535604776506,
            15447.24978799518
        ],
        [
            31.177842954272766,
            15648.347538112617
        ],
        [
            31.20212543089493,
            15834.595954654622
        ],
        [
            31.226407907517096,
            16014.46748445669
        ],
        [
            31.25069038413926,
            16372.935658858378
        ],
        [
            31.274972860761427,
            16892.224650941647
        ],
        [
            31.29925533738359,
            17644.48628503871
        ],
        [
            31.323537814005753,
            18467.058489324038
        ],
        [
            31.34782029062792,
            19081.59207272412
        ]
    ],
    "2635": [
        [
            16.477802959605388,
            10233.589135812204
        ],
        [
            16.50218066162607,
            10093.295539354545
        ],
        [
            16.526558363646753,
            10180.489911363145
        ],
        [
            16.550936065667436,
            10377.269118809627
        ],
        [
            16.57531376768812,
            10670.386524834485
        ],
        [
            16.5996914697088,
            10935.19792719973
        ],
        [
            16.624069171729484,
            11149.710642559616
        ],
        [
            16.648446873750167,
            11343.057400905207
        ],
        [
            16.67282457577085,
            11602.143861294633
        ],
        [
            16.697202277791533,
            11970.35220583722
        ],
        [
            16.721579979812216,
            12317.316262826946
        ],
        [
            16.745957681832902,
            12693.67085327259
        ],
        [
            16.770335383853585,
            13152.453851768103
        ],
        [
            16.794713085874267,
            13632.14855084887
        ],
        [
            16.81909078789495,
            14010.037304066966
        ],
        [
            16.843468489915633,
            14352.21034228211
        ],
        [
            16.867846191936316,
            14699.977726494697
        ],
        [
            16.892223893957,
            15084.172067951784
        ],
        [
            16.91660159597768,
            15485.996141184805
        ],
        [
            16.940979297998364,
            15808.151913711283
        ],
        [
            16.965357000019047,
            16138.977517209807
        ],
        [
            16.98973470203973,
            16336.339023231832
        ]
    ],