{
    "3528": [
        [
            27.029538971040495,
            8681.303162010063
        ],
        [
            27.06839088121584,
            8160.959935591117
        ],
        [
            27.096387148380217,
            8132.896168210338
        ],
        [
            27.124383415544596,
            8289.455189202687
        ],
        [
            27.152379682708975,
            8742.114669590235
        ],
        [
            27.16851612213746,
            9221.24292699901
        ],
        [
            27.240136249083136,
            12059.387845530648
        ],
        [
            27.25718866026068,
            12585.483001160903
        ]
    ],
    "3529": [
        [
            30.24396747100387,
            10213.923017377321
        ],
        [
            30.26796427143048,
            10344.424389038491
        ],
        [
            30.291961071857088,
            10456.153186597729
        ],
        [
            30.3159578722837,
            10572.113645051182
        ],
        [
            30.33995467271031,
            10746.896908174996
        ]
    ]
}