{
    "2641": [
        [
            16.00586588454873,
            12640.281204380186
        ],
        [
            16.03039594720704,
            12576.707418310803
        ],
        [
            16.054926009865355,
            12417.174491235579
        ],
        [
            16.079456072523666,
            12197.846703702966
        ],
        [
            16.103986135181977,
            11992.413970256652
        ],
        [
            16.12851619784029,
            11794.710587051319
        ],
        [
            16.153046260498602,
            11543.11062049012
        ],
        [
            16.177576323156913,
            11268.566627409073
        ],
        [
            16.202106385815227,
            10994.522638728333
        ],
        [
            16.22663644847354,
            10565.18688716653
        ],
        [
            16.25116651113185,
            10016.801373547514
        ],
        [
            16.275696573790164,
            9472.196561665784
        ],
        [
            16.300226636448475,
            8998.476578256978
        ],
        [
            16.324756699106786,
            8577.472013167226
        ],
        [
            16.354524396667603,
            8323.823986465042
        ]
    ],
    "2642": [
        [
            29.68718516287424,
            10614.096656510943
        ],
        [
            29.724513912697844,
            9828.461104496808
        ],
        [
            29.737845609063417,
            9599.912580274515
        ],
        [
            29.753843644702105,
            9399.93262158001
        ],
        [
            29.77250801961391,
            9199.952662885502
        ],
        [
            29.80450409089128,
            8714.28704891313
        ],
        [
            29.823168465803086,
            8414.317110871369
        ],
        [
            29.843166010351446,
            8214.337152176862
        ],
        [
            29.863163554899806,
            8100.062890065716
        ],
        [
            29.88049476017505,
            8085.7786073018215
        ],
        [
            29.89915913508685,
            8128.631455593502
        ],
        [
            29.924489358181443,
            8185.768586649076
        ],
        [
            29.940487393820128,
            8142.915738357395
        ],
        [
            29.95915176873193,
            7971.504345190675
        ],
        [
            29.97514980437062,
            7771.5243864961685
        ],
        [
            29.991147840009308,
            7314.427338051582
        ],
        [
            29.999146857828652,
            6771.624593023635
        ],
        [
            30.005812706011437,
            6428.801806690195
        ],
        [
            30.01114538455767,
            6100.263303120648
        ],
        [
            30.02047757201357,
            5943.136192717821
        ]
    ],
    "2643": [
        [
            16.509097329467536,
            7502.610166780148
        ],
        [
            16.536803798554317,
            6726.1898281689755
        ],
        [
            16.54992791549016,
            6487.291262442461
        ],
        [
            16.571801443716563,
            6442.49778136874
        ],
        [
            16.595133207158064,
            6547.015903874089
        ]
    ],
    "2644": [
        [
            26.749547866476235,
            12637.080014719093
        ],
        [
            26.773802969841654,
            12531.74178077771
        ],
        [
            26.799574017167412,
            12396.30690856736
        ],
        [
            26.820797232612154,
            12230.77539808804
        ],
        [
            26.842020448056893,
            12020.098930205275
        ]
    ],
    "2645": [
        [
            27.128533856560903,
            8197.8258700465
        ],
        [
            27.142177352203948,
            8242.97082744995
        ],
        [
            27.16340056764869,
            8197.8258700465
        ],
        [
            27.181591895172755,
            8092.487636105116
        ],
        [
            27.201299166657158,
            7942.004444760282
        ],
        [
            27.21191077437953,
            7821.617891684416
        ]
    ]
}