{
    "2611": [
        [
            20.72523663511532,
            9571.860349938299
        ],
        [
            20.749233435541928,
            9478.68765861914
        ],
        [
            20.77323023596854,
            9772.386473513014
        ],
        [
            20.79722703639515,
            10417.601538309355
        ],
        [
            20.809114710529435,
            10889.14374945861
        ]
    ],
    "2612": [
        [
            9.096539529119443,
            7041.376062870882
        ],
        [
            9.103638134900613,
            6779.260537709912
        ],
        [
            9.116415625306718,
            6674.414327645523
        ],
        [
            9.13487200033776,
            6779.260537709912
        ],
        [
            9.14278096253833,
            6831.683642742106
        ],
        [
            9.166777762964939,
            7146.222272935271
        ],
        [
            9.19077456339155,
            7198.645377967465
        ],
        [
            9.214771363818159,
            7303.491588031851
        ],
        [
            9.23876816424477,
            7303.491588031851
        ],
        [
            9.262764964671378,
            7355.914693064045
        ],
        [
            9.286761765097989,
            7382.1262455801425
        ],
        [
            9.310758565524598,
            7591.050808141129
        ],
        [
            9.334755365951208,
            7987.962764295356
        ],
        [
            9.358752166377817,
            9033.454054094258
        ],
        [
            9.382748966804428,
            10684.781862608372
        ],
        [
            9.406745767231037,
            11707.032410736158
        ],
        [
            9.430742567657646,
            13332.148666734174
        ],
        [
            9.454739368084256,
            14386.533605376904
        ],
        [
            9.478736168510865,
            14826.207160151707
        ],
        [
            9.502732968937476,
            15140.745790344872
        ],
        [
            9.526729769364085,
            15645.392886505715
        ],
        [
            9.550726569790696,
            15927.092365827784
        ],
        [
            9.574723370217304,
            16189.207890988755
        ],
        [
            9.598720170643915,
            16162.996338472658
        ],
        [
            9.622716971070524,
            16241.63099602095
        ],
        [
            9.646713771497135,
            16320.26565356924
        ],
        [
            9.660168828144315,
            16529.958073698017
        ],
        [
            9.670710571923744,
            17027.97757150386
        ],
        [
            9.702760462831332,
            17054.18912401996
        ]
    ],
    "2613": [
        [
            13.614184775363286,
            11005.285321760808
        ],
        [
            13.638181575789897,
            11021.482080589694
        ],
        [
            13.662178376216506,
            11151.244073015989
        ],
        [
            13.686175176643115,
            11314.473451382779
        ],
        [
            13.710171977069725,
            11491.04332698083
        ],
        [
            13.734168777496336,
            11652.426899133792
        ],
        [
            13.758165577922945,
            11813.753861583733
        ],
        [
            13.782162378349554,
            11965.12277001798
        ],
        [
            13.806159178776165,
            12109.959692433567
        ],
        [
            13.830155979202775,
            12240.872912360759
        ],
        [
            13.854152779629384,
            12412.711802165602
        ],
        [
            13.878149580055993,
            12536.63121913763
        ],
        [
            13.902146380482604,
            12641.96629551932
        ],
        [
            13.926143180909214,
            12766.58912612699
        ],
        [
            13.950139981335823,
            12955.95937754867
        ],
        [
            13.974136781762432,
            13181.161609457868
        ],
        [
            13.998133582189043,
            13407.2012976565
        ],
        [
            14.022130382615654,
            13634.20596697528
        ],
        [
            14.046127183042262,
            13813.316371803443
        ],
        [
            14.070123983468871,
            14002.726044599483
        ],
        [
            14.094120783895482,
            14316.216672590373
        ],
        [
            14.118117584322093,
            14567.009174983086
        ],
        [
            14.142114384748702,
            14855.420552734704
        ],
        [
            14.16611118517531,
            15244.148931443407
        ],
        [
            14.190107985601921,
            15570.179184553934
        ]
    ],
    "2614": [
        [
            20.09332089054793,
            10408.876255515761
        ],
        [
            20.11931742434342,
            10842.736491914015
        ],
        [
            20.145313958138917,
            11348.574232528383
        ],
        [
            20.185865814982023,
            12249.67909531247
        ]
    ],
    "2615": [
        [
            29.148113584855356,
            11992.760883392006
        ],
        [
            29.17344354086122,
            11909.537092127832
        ],
        [
            29.198773496867087,
            11827.612389841563
        ],
        [
            29.224103452872953,
            11805.56010910999
        ],
        [
            29.24943340887882,
            12010.770280232184
        ],
        [
            29.274763364884684,
            12241.824815174328
        ],
        [
            29.300093320890554,
            12346.662438126921
        ],
        [
            29.32542327689642,
            12443.707304662117
        ],
        [
            29.350753232902285,
            12545.318453338386
        ],
        [
            29.37608318890815,
            12601.532740534358
        ],
        [
            29.401413144914017,
            12699.524038620886
        ],
        [
            29.426743100919882,
            12867.771260102463
        ],
        [
            29.452073056925748,
            13174.965875777712
        ]
    ],
    "2616": [
        [
            28.460205305959207,
            9363.3742970759
        ],
        [
            28.485535261965072,
            10139.171593660407
        ],
        [
            28.510865217970938,
            10725.715439639136
        ],
        [
            28.536195173976807,
            11408.146129991386
        ],
        [
            28.561525129982673,
            12128.660608482985
        ],
        [
            28.58685508598854,
            12447.546070307219
        ],
        [
            28.612185041994405,
            13157.760287198877
        ]
    ],