{
    "5138": [
        [
            1.5462155199128684,
            14912.62178343598
        ],
        [
            1.564651567112691,
            12967.216449084513
        ],
        [
            1.5763835971489422,
            12200.844650703631
        ],
        [
            1.5964956486396575,
            11640.803721117602
        ],
        [
            1.6149316958394806,
            11508.162448320913
        ],
        [
            1.6434237687846607,
            11640.803721117602
        ],
        [
            1.6652118245662697,
            12023.989620308043
        ],
        [
            1.6802958631843063,
            12215.582569903263
        ],
        [
            1.6970559060932358,
            12304.010085101057
        ],
        [
            1.7037599232568077,
            12554.554711494806
        ],
        [
            1.7205199661657375,
            12642.982226692602
        ],
        [
            1.7473360348200253,
            12731.409741890395
        ],
        [
            1.7741521034743126,
            12746.147661090028
        ],
        [
            1.7976161635468144,
            12790.361418688924
        ],
        [
            1.8294602450737805,
            12908.264772285984
        ],
        [
            1.8478962922736035,
            13055.643964282306
        ],
        [
            1.861304326600747,
            13217.761075478262
        ]
    ],
    "5139": [
        [
            0.8188296576653191,
            14175.725823454362
        ],
        [
            0.827209679119784,
            13306.188590676056
        ],
        [
            0.8439697220287137,
            12480.865115496646
        ],
        [
            0.8758138035556802,
            11891.348347511352
        ],
        [
            0.9093338893735396,
            11611.327882718339
        ],
        [
            0.944529979482292,
            11581.852044319072
        ],
        [
            0.9881060910455093,
            11802.920832313557
        ],
        [
            1.0266541897360475,
            12274.534246701793
        ],
        [
            1.0735823098810506,
            12967.216449084513
        ],
        [
            1.125538442898733,
            13792.539924263923
        ],
        [
            1.1557065201348062,
            14337.842934650318
        ],
        [
            1.18587459737088,
            14971.57346023451
        ],
        [
            1.2244226960614182,
            15561.090228219804
        ],
        [
            1.2713508162064213,
            16268.510349802154
        ],
        [
            1.3182789363514247,
            16872.765036987083
        ],
        [
            1.35515103075107,
            17226.475097778257
        ]
    ],
    "5140": [
        [
            25.004940000156356,
            11913.118232672432
        ],
        [
            25.148618172183053,
            13280.052012607273
        ]
    ]
}