{
    "4289": [
        [
            48.87624677617593,
            13673.898573141367
        ],
        [
            48.98469828613982,
            13222.23764309889
        ],
        [
            49.06603691861274,
            12907.125366325066
        ],
        [
            49.16093198983114,
            12423.953208605206
        ],
        [
            49.25001715873005,
            11982.796021121854
        ],
        [
            49.333292425309466,
            11699.194972025414
        ],
        [
            49.39332808261091,
            11583.653803875013
        ],
        [
            49.45917364223184,
            11562.646318756759
        ],
        [
            49.50952612900079,
            11615.165031552395
        ],
        [
            49.56956178630222,
            11909.269823207964
        ],
        [
            49.62378754128417,
            12318.915783013932
        ],
        [
            49.679949930372615,
            12938.63659400245
        ],
        [
            49.6954430032246,
            13264.252613335399
        ],
        [
            49.73998558767405,
            14104.552018065591
        ],
        [
            49.78646480623,
            14923.843937677531
        ]
    ],
    "4290": [
        [
            58.91638795986622,
            2092.2981270093096
        ],
        [
            58.96321070234114,
            1871.0395527606959
        ],
        [
            59.01003344481605,
            1710.6018976207163
        ]
    ]
}