{
    "3992": [
        [
            52.729652747809034,
            8536.926187570914
        ],
        [
            52.76152061337463,
            8655.029088674268
        ],
        [
            52.83853462182481,
            9115.630402977346
        ],
        [
            52.947416495840585,
            9930.540420590482
        ],
        [
            53.008496571507976,
            10367.521154672886
        ],
        [
            53.090821890885756,
            10710.01956787261
        ],
        [
            53.13464020603844,
            10934.415079968981
        ],
        [
            53.183769832118735,
            11383.206104161723
        ],
        [
            53.24352208005422,
            12103.633800892176
        ],
        [
            53.311241294381105,
            13272.85252181537
        ],
        [
            53.349748298606194,
            13698.02296578744
        ],
        [
            53.37497702551229,
            13922.418477883812
        ],
        [
            53.45464668942627,
            15115.257779027677
        ],
        [
            53.467924966745265,
            15375.084161455054
        ],
        [
            53.485186727259965,
            15658.531124103101
        ]
    ],
    "3993": [
        [
            18.905398900703844,
            9413.450015572209
        ],
        [
            18.93836250289055,
            9413.450015572209
        ],
        [
            18.976035191103925,
            9285.819934662455
        ],
        [
            19.049026024517342,
            9115.64649344945
        ],
        [
            19.09140779875739,
            9054.870264444806
        ],
        [
            19.256225809690918,
            9067.025510245734
        ],
        [
            19.33863481515768,
            9030.55977284295
        ],
        [
            19.42104382062444,
            8939.395429335982
        ],
        [
            19.515225541157882,
            8860.386331629943
        ],
        [
            19.562316401424606,
            8781.377233923906
        ],
        [
            19.628243605798016,
            8732.756250720191
        ],
        [
            19.663561750998056,
            8678.05764461601
        ],
        [
            19.694170810171425,
            8544.349940805792
        ],
        [
            19.701234439211433,
            8434.952728597433
        ]
    ]
}