{
    "4351": [
        [
            28.260231969070794,
            13229.758100012605
        ],
        [
            28.284536420784924,
            11288.672134637447
        ],
        [
            28.308840872499054,
            9774.748016358295
        ],
        [
            28.333145324213184,
            8754.841241938655
        ],
        [
            28.357449775927314,
            7814.614684270549
        ],
        [
            28.381754227641448,
            7001.876473404899
        ],
        [
            28.406058679355578,
            6412.242869443546
        ],
        [
            28.430363131069708,
            6221.010349239863
        ],
        [
            28.454667582783838,
            6258.820533519142
        ],
        [
            28.478972034497968,
            6348.4986960423175
        ],
        [
            28.503276486212098,
            6510.106903832842
        ],
        [
            28.527580937926228,
            6698.20520830437
        ],
        [
            28.551885389640358,
            7049.68460345582
        ],
        [
            28.57618984135449,
            7384.341513812264
        ],
        [
            28.60049429306862,
            7734.934467519015
        ],
        [
            28.62479874478275,
            8260.823898079143
        ],
        [
            28.64910319649688,
            8707.033111887733
        ],
        [
            28.67340764821101,
            9137.30628234602
        ],
        [
            28.69771209992514,
            9631.323626205532
        ],
        [
            28.72201655163927,
            9870.364276460135
        ],
        [
            28.7463210033534,
            10109.404926714738
        ],
        [
            28.77062545506753,
            10300.637446918421
        ],
        [
            28.780450068374698,
            10428.125793720876
        ],
        [
            28.794929906781665,
            10475.933923771798
        ],
        [
            28.819234358495795,
            10730.910617376707
        ],
        [
            28.843538810209925,
            11001.823354331924
        ],
        [
            28.867843261924055,
            11448.032568140516
        ],
        [
            28.884598415891485,
            11957.985955350334
        ]
    ],
    "4352": [
        [
            43.087090159150414,
            8618.589895594174
        ],
        [
            43.10647469226326,
            8790.07614006751
        ],
        [
            43.13069368528641,
            9047.305506777511
        ],
        [
            43.154912678309564,
            9581.530784669985
        ],
        [
            43.17913167133272,
            10321.758856477174
        ],
        [
            43.20335066435587,
            11203.132580156584
        ],
        [
            43.22756965737902,
            11901.326575512307
        ],
        [
            43.251788650402176,
            12266.948001376024
        ],
        [
            43.27600764342533,
            12598.547180568854
        ],
        [
            43.30022663644848,
            12648.516640717553
        ],
        [
            43.32444562947163,
            12636.267623255171
        ],
        [
            43.34866462249479,
            12587.271553405648
        ],
        [
            43.372883615517935,
            12550.524501018503
        ],
        [
            43.39710260854109,
            12452.532361319456
        ],
        [
            43.421321601564244,
            12391.287274007549
        ],
        [
            43.44554059458739,
            12240.401627290623
        ],
        [
            43.46975958761055,
            12119.623391870431
        ],
        [
            43.4939785806337,
            11930.692843585628
        ],
        [
            43.51819757365685,
            11702.448396580896
        ],
        [
            43.542416566680004,
            11380.483047716998
        ],
        [
            43.56663555970316,
            10960.28862232289
        ],
        [
            43.59085455272631,
            10515.959648970364
        ],
        [
            43.61507354574946,
            9880.238694219426
        ],
        [
            43.639292538772615,
            9292.285856025133
        ],
        [
            43.66351153179577,
            9035.056489315131
        ],
        [
            43.68773052481892,
            8924.815332153701
        ],
        [
            43.71194951784207,
            8919.08708909864
        ],
        [
            43.73616851086523,
            8897.776349927288
        ],
        [
            43.760387503888374,
            8692.08400036846
        ],
        [
            43.78460649691153,
            8557.344808282269
        ],
        [
            43.808825489934684,
            8385.858563808933
        ],
        [
            43.83304448295784,
            8140.878214561311
        ],
        [
            43.857263475980986,
            8079.633127249405
        ],
        [
            43.88148246900414,
            7932.644917700833
        ],
        [
            43.905701462027295,
            7748.9096557651155
        ],
        [
            43.943421016510676,
            7503.929306517494
        ]
    ],
    "4353": [
        [
            47.313691507798964,
            13247.677856932794
        ],
        [
            47.33848820157313,
            13369.942418553426
        ],
        [
            47.36328489534729,
            13512.54295733593
        ],
        [
            47.388081589121455,
            13573.091527231694
        ],
        [
            47.41287828289562,
            13734.554380287065
        ],
        [
            47.43767497666978,
            13922.927708851665
        ],
        [
            47.462471670443946,
            13936.382946606278
        ],
        [
            47.48726836421811,
            13983.476278747428
        ],
        [
            47.512065057992274,
            14003.65913537935
        ],
        [
            47.53686175176644,
            14010.386754256657
        ],
        [
            47.5616584455406,
            13990.203897624735
        ],
        [
            47.58645513931476,
            13949.838184360893
        ],
        [
            47.61125183308892,
            13902.744852219743
        ],
        [
            47.636048526863085,
            13875.834376710514
        ],
        [
            47.66084522063725,
            13848.923901201286
        ],
        [
            47.68564191441141,
            13808.111251680408
        ],
        [
            47.71043860818558,
            13773.841996821022
        ],
        [
            47.727447620059095,
            13754.737236918987
        ],
        [
            47.743765869923386,
            13694.188667023223
        ],
        [
            47.75380786983987,
            13525.998195090546
        ],
        [
            47.77012611970416,
            13324.169628771331
        ]
    ],
    "4354": [
        [
            52.778344560214926,
            9012.512676656897
        ],
        [
            52.810479430177736,
            9223.754549313735
        ],
        [
            52.84365090884902,
            9286.556187130633
        ],
        [
            52.87474917010336,
            9235.173028916808
        ],
        [
            52.90377421394073,
            9120.988232886084
        ],
        [
            52.93279925777811,
            8881.200161221566
        ],
        [
            52.95664125807309,
            8749.887645786235
        ],
        [
            52.98151986707656,
            8692.795247770873
        ],
        [
            53.00225204124611,
            8795.561564198524
        ],
        [
            53.01469134574784,
            8921.16483983232
        ]
    ],