{
    "3677": [
        [
            51.394427527525096,
            14673.043255281638
        ],
        [
            51.430587000533066,
            13976.533791826227
        ],
        [
            51.44679641946767,
            13056.615632545494
        ],
        [
            51.49916531141024,
            12176.122537233936
        ],
        [
            51.512880973585666,
            11650.455017644947
        ],
        [
            51.537818541177366,
            11492.75476176825
        ],
        [
            51.56649674390782,
            11295.629441922378
        ],
        [
            51.61387812233205,
            11072.220746097057
        ],
        [
            51.615125000711636,
            10783.103610323113
        ],
        [
            51.64505008182167,
            10533.411538518343
        ],
        [
            51.67123452779296,
            10401.994658621095
        ],
        [
            51.68495018996839,
            9455.793123360912
        ],
        [
            51.707394000800925,
            9245.526115525317
        ],
        [
            51.731084690013034,
            9008.975731710272
        ],
        [
            51.765997284641415,
            8864.417163823298
        ],
        [
            51.79467548737187,
            8746.141971915777
        ],
        [
            51.815872419824814,
            8641.00846799798
        ],
        [
            51.83457559551859,
            8641.00846799798
        ],
        [
            51.85203189283278,
            8667.291843977428
        ],
        [
            51.88071009556323,
            8811.850411864401
        ]
    ],
    "3678": [
        [
            54.43569166762965,
            13446.77860260986
        ],
        [
            54.44488471021322,
            13269.267679092805
        ],
        [
            54.47361296828691,
            12159.824407111224
        ],
        [
            54.502341226360585,
            11383.214116724115
        ],
        [
            54.527622093465425,
            10928.342375211667
        ],
        [
            54.55290296057026,
            10695.359288095533
        ],
        [
            54.59656991284225,
            10540.037230018112
        ],
        [
            54.6367894741454,
            10451.281768259585
        ],
        [
            54.675859905125606,
            10329.243008341611
        ],
        [
            54.72067598772055,
            10185.015382984006
        ],
        [
            54.75400076708601,
            10018.598892186768
        ],
        [
            54.781579894836746,
            9829.9935359499
        ]
    ],
    "3679": [
        [
            59.20138621334906,
            16003.764519819972
        ],
        [
            59.244755657911995,
            14181.048707218266
        ],
        [
            59.29705410576729,
            12520.352077958934
        ],
        [
            59.340423550330215,
            11386.217794562315
        ]
    ],
    "3680": [
        [
            50.41859326254169,
            11077.827456021429
        ],
        [
            50.43562384519649,
            10905.195808571349
        ],
        [
            50.45719591655923,
            10812.240306098229
        ],
        [
            50.4844448488069,
            10825.519663594388
        ],
        [
            50.51396452540855,
            11051.26874102911
        ],
        [
            50.551431807249095,
            11356.69396344079
        ],
        [
            50.58322222820471,
            11728.51597333327
        ],
        [
            50.61387727698334,
            12180.01412820271
        ],
        [
            50.642261581408,
            12724.467785545272
        ],
        [
            50.668375141478684,
            13335.318230368632
        ],
        [
            50.68086423542553,
            13600.905380291832
        ]
    ],
    "3681": [
        [
            53.84274042098892,
            8243.489657016236
        ],
        [
            53.85308259389544,
            7888.467809982129
        ],
        [
            53.870319548739644,
            7710.956886465076
        ],
        [
            53.889854764229746,
            7666.579155585812
        ],
        [
            53.91398650101164,
            7688.768021025444
        ],
        [
            53.940416498439426,
            7855.184511822682
        ],
        [
            53.987530841680254,
            8443.189445972921
        ],
        [
            54.02775040298341,
            9108.855409161872
        ],
        [
            54.056478661057085,
            9807.804670510268
        ],
        [
            54.094399961714345,
            10506.753931858664
        ],
        [
            54.126575610756866,
            11094.758866008904
        ],
        [
            54.17024256302886,
            11582.913905680802
        ],
        [
            54.2127603849779,
            11882.463589115829
        ],
        [
            54.25297994628105,
            12071.068945352697
        ],
        [
            54.29549776823009,
            12326.240897908461
        ],
        [
            54.340313850825034,
            12581.412850464225
        ],
        [
            54.3759368908364,
            12880.962533899252
        ],
        [
            54.397770366972395,
            13235.984380933358
        ],
        [
            54.44488471021322,
            13968.216940441205
        ]
    ],
    "3682": [
        [
            48.45660797011308,
            11104.222531650343
        ],
        [
            48.49052215360606,
            11522.295021671744
        ],
        [
            48.513583798381276,
            11791.055908114071
        ],
        [
            48.535288875816775,
            12015.023313482678
        ],
        [
            48.57191619398918,
            12268.8530395671
        ],
        [
            48.60854351216158,
            12492.820444935707
        ],
        [
            48.64110112831484,
            12701.85668994641
        ]
    ],
    "3683": [
        [
            59.46542959642336,
            11021.674632041973
        ],
        [
            59.498594465795016,
            11730.50855916486
        ],
        [
            59.54323948225685,
            12722.8760571369
        ],
        [
            59.57767992352741,
            13492.467178013178
        ],
        [
            59.59298678631433,
            13836.75794261572
        ],
        [
            59.61467150859579,
            14160.79630930047
        ],
        [
            59.64911194986635,
            15173.416205190306
        ],
        [
            59.66952110024891,
            15740.483346888615
        ],
        [
            59.683552391136914,
            16084.774111491159
        ],
        [
            59.70268596962055,
            16874.617630285233
        ],
        [
            59.71926840430638,
            17563.199159490323
        ],
        [
            59.73202412329548,
            18089.76150535304
        ],
        [
            59.747330986082396,
            18413.799872037784
        ],
        [
            59.76901570836386,
            18656.828647051345
        ],
        [
            59.795802718240964,
            18555.56665746236
        ],
        [
            59.81238515292679,
            18170.771097024222
        ],
        [
            59.82641644381479,
            17056.8892115454
        ],
        [
            59.8404477347028,
            16044.269315655565
        ],
        [
            59.855754597489714,
            15031.649419765728
        ],
        [
            59.883817179265726,
            13978.524728040298
        ],
        [
            59.91698204863738,
            12763.380852972494
        ]
    ]
}