{
    "4291": [
        [
            48.74229805215009,
            10246.569036933543
        ],
        [
            48.78838646249555,
            10416.039692787079
        ],
        [
            48.81603950870282,
            10604.340421513232
        ],
        [
            48.835627083099645,
            10745.565968057845
        ],
        [
            48.85751907801374,
            10726.73589518523
        ],
        [
            48.87710665241055,
            10623.170494385846
        ],
        [
            48.887476544738284,
            10406.624656350772
        ],
        [
            48.92665169353192,
            10368.964510605541
        ],
        [
            48.986566626981016,
            10387.794583478157
        ]
    ],
    "4292": [
        [
            46.24968581514978,
            12947.51783743942
        ],
        [
            46.26688871652,
            12819.960185866907
        ],
        [
            46.299270648511,
            12139.652710813498
        ],
        [
            46.32355709750425,
            11516.037525347872
        ],
        [
            46.34075999887447,
            11317.614511790627
        ],
        [
            46.36909418936659,
            11246.749149805899
        ],
        [
            46.396416444484,
            11360.133728981466
        ],
        [
            46.42576257035084,
            11558.55674253871
        ],
        [
            46.46219224384072,
            11615.249032126496
        ],
        [
            46.48546675745925,
            9942.826489286865
        ],
        [
            46.498621917330595,
            9829.441910111298
        ],
        [
            46.59880351942775,
            7859.384846935801
        ],
        [
            46.62207803304628,
            7179.077371882392
        ],
        [
            46.63219738679347,
            6683.019837989281
        ],
        [
            46.64332867591538,
            6413.731462447307
        ],
        [
            46.66457931878447,
            6328.693028065631
        ],
        [
            46.69696125077547,
            6456.250679638146
        ],
        [
            46.74856995488613,
            6867.269779149579
        ],
        [
            46.759701244008035,
            7391.673457836582
        ],
        [
            46.778928016127686,
            7448.365747424366
        ],
        [
            46.8062502712451,
            7632.615688584665
        ],
        [
            46.84369188010969,
            7944.423281317477
        ],
        [
            46.85988284610519,
            8001.115570905261
        ],
        [
            46.8710141352271,
            7816.8656297449625
        ],
        [
            46.880121553599565,
            7916.077136523585
        ],
        [
            46.89125284272147,
            8057.807860493045
        ],
        [
            46.922622839337755,
            8256.230874050289
        ],
        [
            46.95702864207819,
            8369.615453225857
        ],
        [
            46.99244638019335,
            8525.519249592264
        ],
        [
            47.03393573055681,
            8894.01913191286
        ]
    ],
    "4293": [
        [
            36.16959332617746,
            10062.757020006244
        ],
        [
            36.23801350502938,
            8539.99178704826
        ],
        [
            36.277110750087616,
            7927.385084134129
        ],
        [
            36.31816285739876,
            7664.839354313787
        ],
        [
            36.35335037795117,
            7664.839354313787
        ],
        [
            36.43740945482638,
            8224.93691126385
        ],
        [
            36.47650669988462,
            8785.034468213913
        ],
        [
            36.49410046016082,
            9187.60458727177
        ],
        [
            36.51169422043703,
            9310.125927854597
        ],
        [
            36.552746327748174,
            9450.150317092113
        ],
        [
            36.589888710553495,
            9380.138122473356
        ],
        [
            36.623121368853,
            9345.132025163977
        ],
        [
            36.664173476164144,
            9065.083246688944
        ],
        [
            36.68176723644035,
            8837.543614177983
        ],
        [
            36.687631823199084,
            8487.482641084192
        ],
        [
            36.70327072122238,
            8364.961300501367
        ],
        [
            36.75018741529227,
            8312.452154537297
        ],
        [
            36.78732979809759,
            8539.99178704826
        ],
        [
            36.8068784206267,
            8767.531419559224
        ],
        [
            36.83424649216747,
            9065.083246688944
        ],
        [
            36.869434012719886,
            9117.592392653012
        ],
        [
            36.89875694651356,
            9047.580198034255
        ],
        [
            36.93394446706597,
            8995.071052070187
        ],
        [
            36.95349308959509,
            8907.55580879674
        ],
        [
            36.967177125365474,
            8767.531419559224
        ],
        [
            37.00822923267662,
            8715.022273595156
        ],
        [
            37.047326477734856,
            8574.99788435764
        ],
        [
            37.092288309551826,
            8294.949105882608
        ],
        [
            37.11965638109259,
            8084.912522026334
        ],
        [
            37.14897931488627,
            7962.391181443509
        ],
        [
            37.19198628445033,
            8032.403376062266
        ],
        [
            37.21935435599109,
            8137.421667990403
        ],
        [
            37.31709746863668,
            8680.016176285775
        ]
    ],
    "4294": [
        [
            38.51726484341509,
            12671.421229942804
        ],
        [
            38.56274556873536,
            12659.172212480424
        ],
        [
            38.62338653582904,
            11520.013588478983
        ],
        [
            38.66187022648465,
            11458.768501167076
        ],
        [
            38.671199606037526,
            10723.827453424212
        ],
        [
            38.71201564158135,
            10662.582366112307
        ],
        [
            38.75283167712518,
            10589.08826133802
        ],
        [
            38.78431833311613,
            10711.578435961832
        ],
        [
            38.82163585132763,
            10981.056820134216
        ],
        [
            38.83446374821283,
            12414.191863232802
        ],
        [
            38.84729164509804,
            12720.417299792329
        ],
        [
            38.889273853085975,
            12793.911404566616
        ],
        [
            38.91959433663281,
            12855.15649187852
        ],
        [
            38.93592075085034,
            12977.646666502333
        ],
        [
            38.951080992623766,
            13308.370137986622
        ],
        [
            38.956911854844314,
            13590.097539621385
        ]
    ],
    "4295": [
        [
            47.53894936405282,
            10169.532301445723
        ],
        [
            47.566951149312175,
            9567.250969920216
        ],
        [
            47.601584936343485,
            9231.803139703477
        ],
        [
            47.64653517057562,
            9018.336338656463
        ],
        [
            47.692222293893515,
            8903.979123809848
        ],
        [
            47.73348808269678,
            8896.35530948674
        ]
    ],