{
    "5103": [
        [
            49.672144813554546,
            11252.31652354611
        ],
        [
            49.78276452155409,
            11014.876724016087
        ],
        [
            49.83466018703536,
            10813.052894415567
        ],
        [
            49.866070721405606,
            10729.94896458006
        ],
        [
            49.89338422955364,
            10504.381155026538
        ],
        [
            49.92069773770168,
            10065.117525895996
        ],
        [
            49.945279895034915,
            9578.36593685945
        ],
        [
            49.97669042940515,
            8652.350718692363
        ],
        [
            50.00400393755319,
            7809.439430360782
        ],
        [
            50.02312339325682,
            7156.479981653221
        ],
        [
            50.046339875182646,
            6717.216352522679
        ],
        [
            50.06136230466407,
            6539.1365028751625
        ],
        [
            50.0845787865899,
            6479.776552992656
        ],
        [
            50.110526619330535,
            6705.344362546179
        ],
        [
            50.13784012747857,
            7002.144111958706
        ],
        [
            50.176079038885824,
            7287.0718713947335
        ],
        [
            50.21022092407087,
            7453.279731065749
        ],
        [
            50.26211658955214,
            7619.487590736765
        ],
        [
            50.3030868517742,
            7702.591520572272
        ]
    ],
    "5104": [
        [
            54.77750388433711,
            10682.137737147863
        ],
        [
            54.79861280078094,
            11105.555377961322
        ],
        [
            54.81972171722477,
            11299.9110163675
        ],
        [
            54.858923990620454,
            11341.558653168824
        ],
        [
            54.91320406147602,
            11313.793561967941
        ],
        [
            54.96446857283961,
            11209.67446996463
        ],
        [
            55.0197538301925,
            11063.907741159997
        ],
        [
            55.06800278206411,
            10855.669557153378
        ],
        [
            55.1192672934277,
            10453.075734740582
        ],
        [
            55.16148512631536,
            10071.305730728447
        ],
        [
            55.19264590773244,
            9634.005544314547
        ],
        [
            55.229837808133475,
            8794.11153548785
        ],
        [
            55.25798303005858,
            7961.158799461373
        ],
        [
            55.28210750599439,
            7322.561701841075
        ],
        [
            55.306231981930196,
            6933.850425028719
        ],
        [
            55.327340898374025,
            6697.8471498212175
        ],
        [
            55.34744462832053,
            6579.845512217466
        ],
        [
            55.36955873126169,
            6621.49314901879
        ],
        [
            55.40071951267877,
            6822.790060225189
        ],
        [
            55.4298699211012,
            7155.971154635779
        ],
        [
            55.47711368647549,
            7426.680793844384
        ],
        [
            55.51028484088722,
            7565.506249848797
        ],
        [
            55.56054416575349,
            7697.3904330529895
        ],
        [
            55.61381905011173,
            7815.3920706567405
        ],
        [
            55.680161358935194,
            8086.101709865345
        ],
        [
            55.7083065808603,
            8176.338256268213
        ],
        [
            55.73946736227739,
            8342.928803473507
        ],
        [
            55.76459702471052,
            8641.403533882996
        ],
        [
            55.78570594115435,
            9030.114810695351
        ],
        [
            55.8078200440955,
            9571.53408911256
        ]
    ],
    "5105": [
        [
            57.258924812872,
            10240.674061819052
        ],
        [
            57.278425184686334,
            10684.008819806368
        ],
        [
            57.29305046354708,
            10959.182117867462
        ],
        [
            57.32230102126857,
            11127.343577793683
        ],
        [
            57.362926795881755,
            11165.562091413281
        ],
        [
            57.411677725417576,
            11119.699875069764
        ],
        [
            57.46367871692245,
            10974.4695233153
        ],
        [
            57.50917958448922,
            10829.239171560834
        ],
        [
            57.54736781262561,
            10592.284387119338
        ],
        [
            57.58149346330068,
            10248.317764542971
        ],
        [
            57.61724414496028,
            9613.890438457676
        ],
        [
            57.65543237309667,
            8841.876463341834
        ],
        [
            57.685495446310426,
            7985.781758262881
        ],
        [
            57.713120973047396,
            7282.561107662312
        ],
        [
            57.73424637584625,
            6862.1574578467535
        ],
        [
            57.74805913921473,
            6632.846376129177
        ],
        [
            57.76430944906001,
            6525.8345379943075
        ],
        [
            57.77730969693622,
            6556.409348889985
        ],
        [
            57.8024976771964,
            6724.570808816208
        ],
        [
            57.817935471549404,
            6953.881890533785
        ],
        [
            57.837435843363735,
            7152.618161355685
        ],
        [
            57.86912394756202,
            7358.998134901503
        ],
        [
            57.88862431937635,
            7458.366270312454
        ],
        [
            58.060877603736245,
            7809.9765956127385
        ],
        [
            58.096628285395845,
            7855.838811956253
        ],
        [
            58.12262878114828,
            7955.206947367204
        ],
        [
            58.1624420402692,
            8260.955056323974
        ],
        [
            58.18356744306806,
            8574.34686800466
        ],
        [
            58.2160680627586,
            9254.636410433472
        ]
    ],