{
    "3637": [
        [
            26.156512465004667,
            11255.218994235598
        ],
        [
            26.181842421010533,
            11261.37687756784
        ],
        [
            26.2071723770164,
            11229.371714177183
        ],
        [
            26.232502333022268,
            11182.19540542832
        ],
        [
            26.257832289028133,
            11102.287438911533
        ],
        [
            26.283162245034,
            10970.66424553935
        ],
        [
            26.308492201039865,
            10883.319567677587
        ],
        [
            26.342810386321908,
            10884.862405596063
        ],
        [
            26.405715586241936,
            10908.95719415195
        ],
        [
            26.505543403506326,
            11037.46273311668
        ],
        [
            26.562978586042004,
            11117.778694969635
        ],
        [
            26.598533699040278,
            11125.81029115493
        ]
    ],
    "3638": [
        [
            26.005036812838288,
            10314.619076440074
        ],
        [
            26.031019395413953,
            9953.197248101771
        ],
        [
            26.047429447567,
            9832.723305322337
        ],
        [
            26.074779534488755,
            9768.470535839971
        ],
        [
            26.100762117064416,
            9623.90180450465
        ],
        [
            26.11717216921747,
            9519.491054095808
        ]
    ]
}