{
    "4760": [
        [
            0.010552167018522463,
            7931.714237000848
        ],
        [
            0.051922795833412305,
            8447.253663833184
        ],
        [
            0.08122699124395938,
            8822.191428802156
        ],
        [
            0.0967409770495431,
            9267.430024702811
        ],
        [
            0.12087384385822886,
            9947.004723709073
        ],
        [
            0.15017803926877593,
            10790.61469488926
        ],
        [
            0.17775845847870253,
            11212.419680479354
        ],
        [
            0.2294717444973149,
            11563.923835137764
        ],
        [
            0.26911859711158437,
            11634.224666069447
        ],
        [
            0.30359412112399264,
            11657.658276380007
        ],
        [
            0.3449647499388825,
            11821.693548553932
        ],
        [
            0.36909761674756825,
            12009.162431038418
        ],
        [
            0.3897829311550133,
            12337.232975386269
        ],
        [
            0.43460111237114407,
            12829.338791908045
        ],
        [
            0.4776955173866543,
            13508.913490914307
        ],
        [
            0.5156185938003034,
            14258.789020852251
        ],
        [
            0.5552654464145729,
            15336.735095138045
        ],
        [
            0.5862934180257403,
            16227.212286939353
        ],
        [
            0.6035311800319444,
            16695.884493150566
        ],
        [
            0.6293878230412505,
            17117.689478740664
        ],
        [
            0.6517969136493159,
            17305.15836122515
        ]
    ],
    "4761": [
        [
            -0.0015142663858204175,
            12688.73713004468
        ],
        [
            0.03468503382720822,
            13204.276556877016
        ],
        [
            0.08984587224706142,
            14118.187358988886
        ],
        [
            0.12604517246009006,
            14821.195668305709
        ],
        [
            0.19671999668552698,
            15946.008963212626
        ],
        [
            0.26567104471034353,
            17094.255868430104
        ],
        [
            0.35875495954384584,
            18219.069163337015
        ],
        [
            0.4001255883587357,
            18664.307759237672
        ],
        [
            0.43632488857176444,
            18804.909421101038
        ],
        [
            0.4776955173866543,
            18758.042200479915
        ],
        [
            0.5104472651984421,
            18570.57331799543
        ],
        [
            0.5397514606089892,
            18265.936383958142
        ],
        [
            0.572503208420777,
            17516.060854020194
        ],
        [
            0.6621395708530385,
            14446.257903336736
        ],
        [
            0.6845486614611037,
            13883.851255883279
        ],
        [
            0.7328143950784755,
            13251.143777498139
        ],
        [
            0.7621185904890223,
            12969.940453771409
        ],
        [
            0.7965941145014307,
            12759.037960976362
        ],
        [
            0.8155556527082551,
            12524.701857870754
        ]
    ],
    "4762": [
        [
            12.039231928145451,
            14207.917532265752
        ],
        [
            12.076568271163323,
            13837.492515743634
        ],
        [
            12.091942059464799,
            12085.097245273608
        ],
        [
            12.105119592294635,
            11800.154924871978
        ],
        [
            12.118297125124473,
            11515.212604470347
        ],
        [
            12.13147465795431,
            11159.03470396831
        ],
        [
            12.177596022858738,
            10774.362571426109
        ],
        [
            12.2588574753094,
            9435.133665538448
        ],
        [
            12.324745139458585,
            9036.214416976163
        ],
        [
            12.38624029266449,
            8865.249024735185
        ],
        [
            12.441146679455478,
            8680.036516474127
        ],
        [
            12.478483022473348,
            8494.824008213067
        ],
        [
            12.575118263225487,
            7825.209555269236
        ],
        [
            12.627828394544835,
            7625.749930988095
        ]
    ],
    "4763": [
        [
            23.30717749283084,
            12236.685105441728
        ],
        [
            23.329170623938513,
            12140.714238252032
        ],
        [
            23.434060941528955,
            10893.092964785985
        ],
        [
            23.476355424428327,
            10593.184004818188
        ],
        [
            23.506807452115876,
            10125.32602726842
        ],
        [
            23.56094439022707,
            9813.420708901907
        ],
        [
            23.621848445602165,
            9525.508107332818
        ],
        [
            23.687827838925184,
            9237.595505763731
        ],
        [
            23.747040114984305,
            8925.69018739722
        ],
        [
            23.799485273779528,
            8649.773944226845
        ],
        [
            23.86377288778657,
            8313.875909062908
        ]
    ],
    "4764": [
        [
            57.11800021356853,
            10354.30417840083
        ],
        [
            57.146489461717934,
            11013.053601311605
        ],
        [
            57.25434161542639,
            12931.17692096357
        ],
        [
            57.32352978950351,
            13744.926208088646
        ],
        [
            57.366263661727615,
            14074.300919544034
        ],
        [
            57.40085774876617,
            14364.925664945846
        ],
        [
            57.4252771043228,
            14655.55041034766
        ],
        [
            57.43952172839751,
            14907.425189695898
        ]
    ],