{
    "4001": [
        [
            0.9947834591259072,
            9144.41238755147
        ],
        [
            1.0239259485251746,
            9088.507813270544
        ],
        [
            1.0594037617068919,
            9069.872955176901
        ],
        [
            1.0885462511061594,
            9079.190384223723
        ],
        [
            1.1151546109924473,
            8967.381235661867
        ],
        [
            1.156967747956614,
            8678.54093521041
        ],
        [
            1.1899114316253514,
            8492.192354273986
        ],
        [
            1.2393269571284575,
            8333.796060478026
        ]
    ],
    "4002": [
        [
            17.324257398142052,
            8733.35653070578
        ],
        [
            17.36187220573433,
            8487.674601671224
        ],
        [
            17.408167353540208,
            8277.090091070175
        ],
        [
            17.48339696872476,
            8189.346544986405
        ],
        [
            17.53258556326851,
            8189.346544986405
        ],
        [
            17.630962752356,
            8048.956871252373
        ],
        [
            17.703298920802688,
            7926.115906735095
        ],
        [
            17.781421982725107,
            7627.787850050278
        ],
        [
            17.839290917482458,
            7399.654630232477
        ],
        [
            17.882692618550468,
            7118.875282764413
        ],
        [
            17.926094319618482,
            6996.034318247135
        ],
        [
            17.963709127210755,
            6978.485609030382
        ],
        [
            18.00711082827877,
            7013.583027463889
        ],
        [
            18.047619082608914,
            7153.972701197921
        ],
        [
            18.09680767715266,
            7382.105921015723
        ],
        [
            18.117061804317732,
            7469.849467099492
        ],
        [
            18.157570058647877,
            7540.044303966509
        ],
        [
            18.339857203133523,
            8013.859452818866
        ],
        [
            18.383258904201536,
            8031.40816203562
        ],
        [
            18.441127838958884,
            8224.443963419913
        ],
        [
            18.484529540026898,
            8347.284927937191
        ],
        [
            18.52503779435704,
            8487.674601671224
        ],
        [
            18.577119835638655,
            8592.966856971747
        ]
    ],
    "4003": [
        [
            48.897912079871844,
            11908.911979634839
        ],
        [
            48.991654019460675,
            11691.250567612165
        ],
        [
            49.044303601969474,
            11556.150380839472
        ],
        [
            49.08796423136702,
            11383.522364407698
        ],
        [
            49.12392004381205,
            11240.916611703187
        ],
        [
            49.16758067320959,
            11075.794161203228
        ],
        [
            49.20225234949588,
            10993.232935953249
        ]
    ],
    "4004": [
        [
            19.092153354979057,
            9242.269097991644
        ],
        [
            19.103727141930527,
            8926.392332090072
        ],
        [
            19.132661609309203,
            8610.5155661885
        ],
        [
            19.155809183212142,
            8522.77202010473
        ],
        [
            19.21367811796949,
            8452.577183237714
        ],
        [
            19.280227392940443,
            8470.125892454469
        ],
        [
            19.323629094008453,
            8452.577183237714
        ],
        [
            19.375711135290068,
            8382.3823463707
        ],
        [
            19.416219389620213,
            8329.736218720438
        ],
        [
            19.445153856998886,
            8294.638800286928
        ]
    ],
    "4005": [
        [
            18.77387421381364,
            8996.587168957089
        ],
        [
            18.834636595308858,
            9628.34070076023
        ],
        [
            18.85199727573606,
            10365.386487863898
        ],
        [
            18.89829242354194,
            10769.006799849238
        ],
        [
            18.935907231134216,
            11365.662913218875
        ],
        [
            18.97641548546436,
            11892.124189721493
        ],
        [
            19.01113684631877,
            12436.134175440868
        ],
        [
            19.04296476043531,
            13102.985125677518
        ],
        [
            19.063218887600385,
            13699.641239047152
        ],
        [
            19.097940248454794,
            14138.358969466
        ],
        [
            19.129768162571334,
            14454.235735367572
        ],
        [
            19.155809183212142,
            14699.917664402128
        ],
        [
            19.210784671231625,
            14735.015082835635
        ],
        [
            19.245506032086034,
            14717.466373618881
        ],
        [
            19.286014286416176,
            14454.235735367572
        ],
        [
            19.32941598748419,
            13980.420586515214
        ],
        [
            19.401752155930875,
            13155.631253327778
        ],
        [
            19.430686623309548,
            12611.621267608407
        ],
        [
            19.47698177111543,
            11611.344842253431
        ],
        [
            19.53195725913491,
            10593.519707681698
        ],
        [
            19.572465513465055,
            9768.730374494262
        ],
        [
            19.592719640630126,
            9382.658771725675
        ],
        [
            19.607186874319463,
            8610.5155661885
        ],
        [
            19.6216541080088,
            8312.187509503683
        ],
        [
            19.64769512864961,
            8013.859452818866
        ],
        [
            19.67952304276615,
            7943.66461595185
        ],
        [
            19.775006785115774,
            7891.018488301588
        ],
        [
            19.890744654630474,
            7785.726233001064
        ],
        [
            19.968867716552893,
            7697.982686917294
        ],
        [
            20.023843204572373,
            7522.495594749755
        ],
        [
            20.06145801216465,
            7224.167538064938
        ],
        [
            20.099072819756927,
            6960.936899813627
        ],
        [
            20.148261414300674,
            6750.3523892125795
        ],
        [
            20.191663115368687,
            6785.449807646088
        ],
        [
            20.22927792296096,
            6960.936899813627
        ],
        [
            20.249532050126035,
            7311.911084148707
        ],
        [
            20.281359964242576,
            7592.69043161677
        ],
        [
            20.31029443162125,
            7680.433977700541
        ],
        [
            20.37973715333007,
            7855.92106986808
        ],
        [
            20.397097833757275,
            7996.310743602112
        ]
    ],