{
    "4285": [
        [
            32.245680839725416,
            13434.531413026967
        ],
        [
            32.296175979725206,
            13147.192243212954
        ],
        [
            32.34246319139168,
            12804.239040531711
        ],
        [
            32.38769842097483,
            12489.092854284083
        ],
        [
            32.426621758058,
            12183.215673514327
        ],
        [
            32.4665970772245,
            11970.028547523285
        ],
        [
            32.51288428889097,
            11868.069487266699
        ],
        [
            32.55917150055745,
            11840.262470833084
        ],
        [
            32.603354748057264,
            11886.607498222442
        ],
        [
            32.63912213889045,
            12062.718602301999
        ],
        [
            32.66226574472368,
            12312.981750204526
        ],
        [
            32.68751331472358,
            12730.08699670874
        ],
        [
            32.70644899222351,
            13314.034341814639
        ]
    ],
    "4286": [
        [
            51.09963000406458,
            13308.745935153802
        ],
        [
            51.122406666738115,
            13485.968589132448
        ],
        [
            51.14265258911459,
            13587.238677120244
        ],
        [
            51.164163881639595,
            13637.873721114142
        ],
        [
            51.193267395055784,
            13604.11702511821
        ],
        [
            51.222370908471966,
            13528.164459127362
        ],
        [
            51.25400516218521,
            13359.380979147702
        ],
        [
            51.305885338274926,
            13021.81401918838
        ],
        [
            51.345111812879345,
            12709.564581226006
        ],
        [
            51.39193050837495,
            12371.997621266684
        ],
        [
            51.44887216505879,
            11975.35644331448
        ],
        [
            51.48936400981174,
            11755.93791934092
        ],
        [
            51.539978815752924,
            11578.715265362276
        ],
        [
            51.57920529035734,
            11511.201873370414
        ],
        [
            51.623493245555885,
            11587.15443936126
        ],
        [
            51.67663879179413,
            11831.890485331769
        ],
        [
            51.724722857438266,
            12169.457445291091
        ],
        [
            51.7474995201118,
            12473.26770925448
        ],
        [
            51.777868403676514,
            13004.935671190413
        ],
        [
            51.79684895590446,
            13460.651067135497
        ],
        [
            51.82468709917211,
            14186.420031048041
        ],
        [
            51.84366765140006,
            14633.696252994141
        ],
        [
            51.876567275261834,
            15367.904390905667
        ],
        [
            51.887955606598595,
            15469.174478893465
        ]
    ],
    "4287": [
        [
            41.237840233489244,
            8185.329478856545
        ],
        [
            41.25187152437725,
            8086.933351108667
        ],
        [
            41.28248524995108,
            8234.527542730484
        ],
        [
            41.343712701098745,
            8792.10559996846
        ],
        [
            41.38325542996494,
            9152.89140171068
        ],
        [
            41.4176958712355,
            9595.67397657613
        ],
        [
            41.44193173731478,
            10136.852679189462
        ],
        [
            41.45978974389952,
            10760.028154926022
        ],
        [
            41.47637217858534,
            11284.807502914706
        ],
        [
            41.49295461327117,
            11629.193950032279
        ],
        [
            41.51336376365372,
            11907.982978651267
        ],
        [
            41.546528633025375,
            12235.970071144195
        ],
        [
            41.598827080880675,
            12580.356518261768
        ],
        [
            41.62433851885886,
            12744.350064508231
        ],
        [
            41.64984995683706,
            12941.142320003986
        ],
        [
            41.688117113804346,
            13416.723604118732
        ],
        [
            41.7085262641869,
            13793.908760485598
        ],
        [
            41.735313274064005,
            14351.486817723573
        ],
        [
            41.759549140143285,
            14974.662293460135
        ],
        [
            41.777407146728024,
            15417.444868325587
        ],
        [
            41.795265153312755,
            15860.22744319104
        ],
        [
            41.8143987317964,
            16237.412599557905
        ],
        [
            41.83225673838113,
            16401.406145804365
        ],
        [
            41.84883917306696,
            16434.20485505366
        ],
        [
            41.866697179651695,
            16385.006791179723
        ],
        [
            41.878177326741884,
            16221.013244933258
        ],
        [
            41.95216049687864,
            12629.554582135706
        ],
        [
            41.96874293156447,
            11432.401694536522
        ],
        [
            41.984049794351385,
            10415.641707808449
        ],
        [
            41.99552994144157,
            9398.881721080375
        ],
        [
            42.00573451663285,
            8923.30043696563
        ],
        [
            42.02359252321758,
            8464.118507475534
        ],
        [
            42.05293067689251,
            8300.12496122907
        ],
        [
            42.086095546264154,
            8382.121734352302
        ],
        [
            42.1179848437369,
            8480.51786210018
        ],
        [
            42.13711842222054,
            8611.71269909735
        ],
        [
            42.156252000704185,
            8939.699791590278
        ],
        [
            42.174110007288924,
            9398.881721080375
        ],
        [
            42.19451915767148,
            10153.252033814108
        ]
    ]
}