{
    "5497": [
        [
            54.62007523705101,
            8753.747467457939
        ],
        [
            54.62745476570963,
            8685.242068539297
        ],
        [
            54.637786105831694,
            8794.850706809124
        ],
        [
            54.68353918351512,
            9192.182020537246
        ],
        [
            54.717485015344764,
            9425.100376860628
        ],
        [
            54.77356943315026,
            9795.029531021293
        ],
        [
            54.81637069937024,
            10274.567323451785
        ],
        [
            54.84293700254126,
            10767.806195666006
        ],
        [
            54.90049732607848,
            11384.354785933781
        ]
    ],
    "5498": [
        [
            28.846778665545255,
            18442.39213101252
        ],
        [
            28.869861957972937,
            18325.343119460347
        ],
        [
            28.89438795617735,
            18052.22875917194
        ],
        [
            28.92179936593522,
            14189.611377950197
        ],
        [
            28.93622642370252,
            14007.535137757928
        ],
        [
            28.965080539237125,
            13734.420777469522
        ],
        [
            28.985278420111346,
            13565.349983005271
        ],
        [
            29.018460652976138,
            13058.137599612517
        ],
        [
            29.03144500496671,
            12719.996010684015
        ],
        [
            29.045872062734013,
            12160.761844379183
        ],
        [
            29.064627237831502,
            11068.30440322556
        ],
        [
            29.073283472491884,
            10379.015779640535
        ],
        [
            29.079054295598805,
            9715.73804751155
        ],
        [
            29.087710530259187,
            9364.591012855028
        ],
        [
            29.099252176473026,
            9286.558338486911
        ],
        [
            29.110793822686865,
            9455.629132951162
        ],
        [
            29.12810629200763,
            9767.759830423627
        ],
        [
            29.14397605555166,
            10001.857853527974
        ],
        [
            29.16273123064915,
            10157.923202264206
        ],
        [
            29.181486405746643,
            10261.966768088361
        ],
        [
            29.194470757737214,
            10535.081128376767
        ],
        [
            29.226210284825278,
            10795.190042937153
        ],
        [
            29.25939251769007,
            10977.266283129424
        ],
        [
            29.29401745633159,
            11107.320740409617
        ],
        [
            29.330085100749844,
            11341.418763513966
        ],
        [
            29.338741335410226,
            11484.478666522178
        ],
        [
            29.345954864293876,
            11653.549460986429
        ],
        [
            29.373366274051747,
            11965.680158458894
        ],
        [
            29.39933497803289,
            12186.772735835222
        ],
        [
            29.423860976237304,
            12277.810855931357
        ],
        [
            29.462814032209018,
            12420.87075893957
        ],
        [
            29.500324382404,
            12537.919770491744
        ],
        [
            29.550819084589556,
            12680.979673499956
        ],
        [
            29.602756492551837,
            12785.023239324111
        ],
        [
            29.64603766585374,
            12785.023239324111
        ],
        [
            29.692204250709104,
            12602.94699913184
        ],
        [
            29.73260001245755,
            12134.750952923145
        ],
        [
            29.76289683376888,
            11640.544015258409
        ],
        [
            29.781652008866374,
            11328.413317785946
        ],
        [
            29.794636360856945,
            10756.173705753095
        ],
        [
            29.801849889740595,
            10600.108357016863
        ]
    ],
    "5499": [
        [
            50.98824619756106,
            9543.183416487025
        ],
        [
            51.03599792649145,
            8718.833200736655
        ],
        [
            51.06157920984701,
            8423.14236247837
        ],
        [
            51.07692797986035,
            8306.658092861468
        ],
        [
            51.090571330983316,
            8279.77710756526
        ],
        [
            51.11103635766777,
            8297.697764429398
        ],
        [
            51.140028478804076,
            8423.14236247837
        ],
        [
            51.16390434326927,
            8575.467945823546
        ],
        [
            51.18095853217298,
            8691.952215440448
        ],
        [
            51.21165607219966,
            8772.59517132907
        ],
        [
            51.25088070667819,
            8835.317470353555
        ],
        [
            51.28328366559524,
            8933.881083106317
        ],
        [
            51.31057036784117,
            9113.0876517477
        ],
        [
            51.332740813415995,
            9381.89750470978
        ],
        [
            51.351500421210076,
            9713.429656696342
        ]
    ],
    "5500": [
        [
            37.068460458000004,
            10762.47256387686
        ],
        [
            37.0790830798552,
            10725.396541965374
        ],
        [
            37.0923613571742,
            10716.127536487504
        ],
        [
            37.102983979029396,
            10827.35560222196
        ],
        [
            37.12821270593549,
            11096.15676108023
        ],
        [
            37.15211360510968,
            11327.881898027015
        ],
        [
            37.187964953870974,
            11559.607034973802
        ],
        [
            37.225144130364164,
            11791.332171920589
        ],
        [
            37.24904502953836,
            11939.63625956653
        ],
        [
            37.279585067372054,
            12069.402336256731
        ],
        [
            37.30348596654625,
            12245.513440336286
        ]
    ],
    "5501": [
        [
            41.2705011071864,
            11094.319761540537
        ],
        [
            41.28344599924332,
            11133.891039209218
        ],
        [
            41.3196916970027,
            11064.641303289025
        ],
        [
            41.35464290555639,
            10965.71310911732
        ],
        [
            41.37794371125885,
            10945.927470282979
        ],
        [
            41.405127984578385,
            10995.391567368832
        ],
        [
            41.44007919313208,
            10995.391567368832
        ]
    ],
    "5502": [
        [
            39.478788020815976,
            15388.617025773681
        ],
        [
            39.53576720125815,
            14942.815589057496
        ],
        [
            39.576986182854625,
            14675.334727027788
        ],
        [
            39.61335587249857,
            14229.533290311603
        ],
        [
            39.63275304030867,
            13860.154957032479
        ],
        [
            39.6569995000713,
            13274.24449734835
        ],
        [
            39.66912272995262,
            12917.6033479754
        ]
    ],