{
    "4410": [
        [
            51.219020599104276,
            10651.308150994928
        ],
        [
            51.251636389892965,
            9924.659222736449
        ],
        [
            51.28233360475291,
            9608.724906102325
        ],
        [
            51.3111122436841,
            9440.226603897461
        ],
        [
            51.34756518633028,
            9366.508596682832
        ],
        [
            51.38018097711897,
            9366.508596682832
        ],
        [
            51.42622679940888,
            9492.882323336482
        ],
        [
            51.46267974205506,
            9671.91176942915
        ],
        [
            51.49145838098626,
            10008.90837383888
        ],
        [
            51.529829899561186,
            10503.872136565671
        ],
        [
            51.56820141813611,
            10788.21302153638
        ],
        [
            51.614247240426025,
            11135.740769833916
        ],
        [
            51.64302587935722,
            11346.363647589995
        ],
        [
            51.68715312571838,
            11683.360251999726
        ],
        [
            51.733198948008294,
            12009.825712521651
        ],
        [
            51.777326194369465,
            12336.291173043577
        ],
        [
            51.82337201665938,
            12610.100914126484
        ],
        [
            51.86941783894929,
            12768.068072443544
        ],
        [
            51.907789357524216,
            12820.723791882565
        ]
    ],
    "4411": [
        [
            52.95149466276223,
            12694.350065228915
        ],
        [
            52.9668432701922,
            10535.465568229083
        ],
        [
            52.978354725764675,
            9935.19036662425
        ],
        [
            52.9917847572659,
            9671.91176942915
        ],
        [
            53.030156275840824,
            9577.131474438913
        ],
        [
            53.08387640184572,
            9566.60033055111
        ],
        [
            53.12224792042065,
            9566.60033055111
        ],
        [
            53.175968046425545,
            9777.22320830719
        ],
        [
            53.19707238164176,
            9956.252654399861
        ],
        [
            53.23352532428794,
            10114.219812716921
        ],
        [
            53.260385387290384,
            10282.718114921787
        ],
        [
            53.31794266515278,
            10777.681877648578
        ],
        [
            53.35055845594147,
            11156.803057609523
        ],
        [
            53.3850928226589,
            11546.455381458272
        ],
        [
            53.40619715787511,
            11757.078259214355
        ]
    ],
    "4412": [
        [
            11.937227756700192,
            13369.778246482467
        ],
        [
            11.964587883449372,
            12393.020528747602
        ],
        [
            12.006399146780431,
            11734.276951670601
        ],
        [
            12.03039594720704,
            11563.912233461033
        ],
        [
            12.054392747633651,
            11404.9051631321
        ],
        [
            12.07838954806026,
            11427.620458893376
        ],
        [
            12.10238634848687,
            11473.051050415928
        ],
        [
            12.12638314891348,
            11518.48164193848
        ],
        [
            12.15037994934009,
            11563.912233461033
        ],
        [
            12.174376749766699,
            11575.26988134167
        ],
        [
            12.19837355019331,
            11575.26988134167
        ],
        [
            12.222370350619919,
            11575.26988134167
        ],
        [
            12.24636715104653,
            11609.342824983583
        ],
        [
            12.270363951473138,
            11734.276951670601
        ],
        [
            12.294360751899749,
            11768.349895312516
        ],
        [
            12.318357552326358,
            11813.780486835067
        ],
        [
            12.342354352752967,
            11836.495782596343
        ],
        [
            12.366351153179577,
            11913.744385601662
        ],
        [
            12.390347953606186,
            11977.187712569796
        ],
        [
            12.414344754032797,
            12004.690158868016
        ],
        [
            12.438341554459406,
            12103.204787290711
        ],
        [
            12.462338354886016,
            12225.323297690278
        ],
        [
            12.486335155312625,
            12363.36110757939
        ],
        [
            12.510331955739236,
            12479.66269403624
        ],
        [
            12.534328756165845,
            12622.09226846236
        ],
        [
            12.558325556592456,
            12811.629714183178
        ],
        [
            12.582322357019065,
            13062.213631547227
        ],
        [
            12.606319157445675,
            13460.639429527571
        ],
        [
            12.630315957872284,
            13722.937766577585
        ]
    ],
    "4413": [
        [
            42.48975309011158,
            10283.668289061294
        ],
        [
            42.520091906128535,
            9820.424823982414
        ],
        [
            42.552597780432414,
            9797.827581783444
        ],
        [
            42.5764354215886,
            9888.216550579324
        ],
        [
            42.63277893704866,
            10193.279320265416
        ],
        [
            42.673953044500244,
            10543.536574349448
        ],
        [
            42.70212480223028,
            10950.286933930904
        ],
        [
            42.74980008454264,
            11300.544188014937
        ],
        [
            42.80397654171578,
            11775.086274193302
        ],
        [
            42.836482416019656,
            12046.253180580941
        ],
        [
            42.953503563513635,
            13051.830458435095
        ],
        [
            43.01634825383447,
            13469.879439116037
        ]
    ],
    "4414": [
        [
            46.97799925589185,
            9994.364220466943
        ],
        [
            47.004815608601014,
            9722.771348401684
        ],
        [
            47.01971358232833,
            9685.735956756422
        ],
        [
            47.05099932715569,
            9648.70056511116
        ],
        [
            47.07781567986485,
            9648.70056511116
        ],
        [
            47.14336676426502,
            9858.567784434314
        ],
        [
            47.17763210383784,
            10179.541178693256
        ],
        [
            47.22530561976524,
            10673.34640063009
        ],
        [
            47.29383629891087,
            11290.602928051132
        ],
        [
            47.345979206956464,
            11944.894847117439
        ],
        [
            47.39514252025659,
            12599.186766183744
        ],
        [
            47.42940785982941,
            13043.611465926895
        ],
        [
            47.459203807284034,
            13549.76181841215
        ],
        [
            47.47410178101135,
            13846.044951574251
        ],
        [
            47.55902023125703,
            15500.292445062645
        ],
        [
            47.6007345576935,
            15994.09766699948
        ]
    ],