{
    "4061": [
        [
            28.197358203068834,
            13152.564656024482
        ],
        [
            28.223828364885648,
            13016.1412431666
        ],
        [
            28.259640936755453,
            12743.29441745083
        ],
        [
            28.30168178199392,
            12351.077105484415
        ],
        [
            28.342165558890223,
            11907.701013696294
        ],
        [
            28.382649335786528,
            11583.695408158821
        ],
        [
            28.418461907656333,
            11379.060288871995
        ],
        [
            28.454274479526138,
            11344.954435657524
        ],
        [
            28.493201188080278,
            11396.113215479232
        ],
        [
            28.529013759950082,
            11464.324921908174
        ],
        [
            28.56794046850422,
            11668.960041194998
        ],
        [
            28.600638903689696,
            12078.23027976865
        ],
        [
            28.6364514755595,
            12640.976857807418
        ],
        [
            28.67070697908714,
            13459.51733495472
        ]
    ],
    "4062": [
        [
            24.549315305981064,
            13243.837879162475
        ],
        [
            24.566761950722398,
            13546.029600001686
        ],
        [
            24.587697924412,
            13881.798178711922
        ],
        [
            24.615612555998137,
            14016.105610196017
        ],
        [
            24.645271852058404,
            13982.528752324994
        ],
        [
            24.690633128385873,
            13478.87588425964
        ],
        [
            24.742973062609874,
            12689.819724290584
        ],
        [
            24.79182366788561,
            12035.070995805625
        ],
        [
            24.82846162184241,
            11665.725559224365
        ],
        [
            24.865099575799213,
            11497.841269869248
        ],
        [
            24.903482194230147,
            11497.841269869248
        ],
        [
            24.94012014818695,
            11749.667703901923
        ],
        [
            24.973268773195485,
            12354.05114558035
        ],
        [
            25.025608707419487,
            13613.183315743734
        ],
        [
            25.06224666137629,
            14956.257630584678
        ],
        [
            25.09888461533309,
            16299.331945425622
        ],
        [
            25.12505458244509,
            17440.945113040427
        ],
        [
            25.14947988508296,
            18162.847557267432
        ],
        [
            25.168671194298426,
            18515.40456491318
        ],
        [
            25.187862503513895,
            18683.2888542683
        ]
    ],
    "4063": [
        [
            23.596728503104224,
            15308.814638230426
        ],
        [
            23.670004411017825,
            16047.505511392945
        ]
    ],
    "4064": [
        [
            31.69655081693753,
            12736.67782044671
        ],
        [
            31.720783173719038,
            13095.0439820668
        ],
        [
            31.742164664996842,
            13327.98198711986
        ],
        [
            31.764971589026498,
            13363.818603281868
        ],
        [
            31.809160004333954,
            13256.30875479584
        ],
        [
            31.84337039037844,
            12969.615825499768
        ],
        [
            31.880431641926627,
            12754.596128527715
        ],
        [
            31.96310674153413,
            12288.720118421597
        ],
        [
            32.024400349863825,
            11894.517340639497
        ],
        [
            32.07999222718611,
            11554.069487100413
        ],
        [
            32.134158671756545,
            11159.866709318312
        ],
        [
            32.179772519815856,
            10747.745623455208
        ],
        [
            32.216833771364044,
            10281.86961334909
        ],
        [
            32.241066128145555,
            9636.810522432928
        ],
        [
            32.261022186671504,
            8740.895118382703
        ],
        [
            32.282403677949304,
            8149.590951709553
        ],
        [
            32.30521060197896,
            7755.388173927453
        ],
        [
            32.330868391512325,
            7522.450168874395
        ],
        [
            32.35795161379754,
            7450.776936550376
        ],
        [
            32.389311134338314,
            7504.53186079339
        ],
        [
            32.4235215203828,
            7880.816330494485
        ],
        [
            32.44775387716431,
            8490.03880524864
        ]
    ]
}