{
  "Adriatic_Sea": {
    "Balaenoptera_acutorostrata": 1.0,
    "Balaenoptera_physalus": 0.9999451637268066,
    "Delphinidae_unknown": 0.9999568462371826,
    "Delphinus_delphis": 0.99812251329422,
    "Globicephala_melas": 0.9999514818191528,
    "Grampus_griseus": 0.9968696236610413,
    "Orcinus_orca": 0.6894204020500183,
    "Physeter_macrocephalus": 0.9993554949760437,
    "Stenella_coeruleoalba": 0.8444518446922302,
    "Tursiops_truncatus": 0.9586552381515503,
    "background": 0.0
  },
  "DCLDE_2026": {
    "Balaenoptera_acutorostrata": 0.9999954700469971,
    "Balaenoptera_physalus": 0.9998000264167786,
    "Delphinidae_unknown": 0.020546911284327507,
    "Delphinus_delphis": 0.9510012269020081,
    "Globicephala_melas": 0.24644504487514496,
    "Grampus_griseus": 0.7243067026138306,
    "Orcinus_orca": 0.9990667700767517,
    "Physeter_macrocephalus": 0.7317231893539429,
    "Stenella_coeruleoalba": 0.9351730346679688,
    "Tursiops_truncatus": 0.8250364065170288,
    "background": 0.0
  },
  "DOLPHINFREE": {
    "Balaenoptera_acutorostrata": 1.0,
    "Balaenoptera_physalus": 1.0,
    "Delphinidae_unknown": 0.7881996035575867,
    "Delphinus_delphis": 0.8074159622192383,
    "Globicephala_melas": 0.9978305697441101,
    "Grampus_griseus": 0.8916978240013123,
    "Orcinus_orca": 0.7337455749511719,
    "Physeter_macrocephalus": 0.07430196553468704,
    "Stenella_coeruleoalba": 0.9945905208587646,
    "Tursiops_truncatus": 0.8698028922080994,
    "background": 0.0
  },
  "DRYAD": {
    "Balaenoptera_acutorostrata": 1.0,
    "Balaenoptera_physalus": 1.0,
    "Delphinidae_unknown": 1.0,
    "Delphinus_delphis": 0.858234167098999,
    "Globicephala_melas": 0.3630729615688324,
    "Grampus_griseus": 1.0,
    "Orcinus_orca": 0.7402660846710205,
    "Physeter_macrocephalus": 0.9966068267822266,
    "Stenella_coeruleoalba": 1.0,
    "Tursiops_truncatus": 0.9101254343986511,
    "background": 0.0
  },
  "ECOSS_annot": {
    "Balaenoptera_acutorostrata": 1.0,
    "Balaenoptera_physalus": 1.0,
    "Delphinus_delphis": 0.897318959236145,
    "Globicephala_melas": 1.0,
    "Grampus_griseus": 0.9867392778396606,
    "Orcinus_orca": 0.58086758852005,
    "Physeter_macrocephalus": 0.6048629283905029,
    "Stenella_coeruleoalba": 0.9928483963012695,
    "Tursiops_truncatus": 0.9442219734191895,
    "background": 0.0
  },
  "ECOSS_testtrain": {
    "Balaenoptera_acutorostrata": 1.0,
    "Balaenoptera_physalus": 0.9986716508865356,
    "Delphinidae_unknown": 0.9934936165809631,
    "Delphinus_delphis": 0.9099387526512146,
    "Globicephala_melas": 0.9788442254066467,
    "Grampus_griseus": 0.9980643391609192,
    "Orcinus_orca": 0.742618203163147,
    "Physeter_macrocephalus": 0.1284852772951126,
    "Stenella_coeruleoalba": 0.9676874876022339,
    "Tursiops_truncatus": 0.8374773859977722,
    "background": 0.0
  },
  "MONISH": {
    "Balaenoptera_acutorostrata": 0.9999926090240479,
    "Balaenoptera_physalus": 0.9999790191650391,
    "Delphinidae_unknown": 0.9999510049819946,
    "Delphinus_delphis": 0.997683048248291,
    "Globicephala_melas": 0.9895642995834351,
    "Grampus_griseus": 0.5153552889823914,
    "Orcinus_orca": 0.7502058148384094,
    "Physeter_macrocephalus": 1.0,
    "Stenella_coeruleoalba": 0.07717612385749817,
    "Tursiops_truncatus": 0.8877927660942078,
    "background": 0.0
  },
  "OLTREMARE": {
    "Balaenoptera_acutorostrata": 1.0,
    "Balaenoptera_physalus": 1.0,
    "Delphinidae_unknown": 0.8597355484962463,
    "Delphinus_delphis": 0.976768970489502,
    "Globicephala_melas": 0.9548998475074768,
    "Grampus_griseus": 1.0,
    "Orcinus_orca": 0.6973593831062317,
    "Physeter_macrocephalus": 0.5260913968086243,
    "Stenella_coeruleoalba": 0.9984744191169739,
    "Tursiops_truncatus": 0.8291100263595581,
    "background": 0.0
  },
  "WATKINS": {
    "Balaenoptera_physalus": 1.0,
    "Delphinidae_unknown": 0.999477207660675,
    "Delphinus_delphis": 0.9987637996673584,
    "Globicephala_melas": 1.0,
    "Grampus_griseus": 1.0,
    "Orcinus_orca": 0.7629350423812866,
    "Physeter_macrocephalus": 1.0,
    "Tursiops_truncatus": 0.9172645211219788,
    "background": 0.0
  }
}