n_test,n_pos,pct_pos,test_auc,test_ap,test_f1,precision,recall,threshold,held_out,variant
4406,58,1.3163867453472538,0.397931668940139,0.010842110841394411,0.4806996877449172,0.0031746031746031746,0.017241379310344827,0.95,ALNITAK_CAVANILLES,v03_no_grl__ALNITAK_CAVANILLES
6770,2916,43.07237813884785,0.8253480252821966,0.8436528938246334,0.7759230401734306,0.8662451361867705,0.6107681755829903,0.9,DRYAD,v03_no_grl__DRYAD
16860,2904,17.22419928825623,0.8696935992063209,0.7787899625360011,0.8380695442836648,0.8474654377880184,0.6332644628099173,0.95,OLTREMARE,v03_no_grl__OLTREMARE
4406,58,1.3163867453472538,0.7106636424198205,0.025915403116651015,0.5147421056016463,0.038461538461538464,0.15517241379310345,0.49999999999999994,ALNITAK_CAVANILLES,perch_baseline__ALNITAK_CAVANILLES
6770,2916,43.07237813884785,0.823710183352162,0.8368866423496923,0.7723407942879446,0.8450374531835206,0.6189986282578875,0.9,DRYAD,perch_baseline__DRYAD
16860,2904,17.22419928825623,0.8483743575834954,0.7547989477237844,0.8346874651810585,0.8568702290076335,0.6184573002754821,0.95,OLTREMARE,perch_baseline__OLTREMARE
