{
  "ALNITAK_CAVANILLES": {
    "Balaenoptera_acutorostrata": 1.0,
    "Balaenoptera_physalus": 0.9999991655349731,
    "Delphinidae_unknown": 0.9233096837997437,
    "Delphinus_delphis": 0.9971187114715576,
    "Globicephala_melas": 0.9946464896202087,
    "Grampus_griseus": 0.9907394647598267,
    "Orcinus_orca": 0.846634030342102,
    "Physeter_macrocephalus": 0.9945819973945618,
    "Stenella_coeruleoalba": 0.9996638298034668,
    "Tursiops_truncatus": 0.9870555400848389,
    "background": 0.0
  },
  "Adriatic_Sea": {
    "Balaenoptera_acutorostrata": 0.9999935626983643,
    "Balaenoptera_physalus": 0.9980462789535522,
    "Delphinidae_unknown": 0.4106169641017914,
    "Delphinus_delphis": 0.9482771158218384,
    "Globicephala_melas": 0.911396861076355,
    "Grampus_griseus": 0.9992828965187073,
    "Orcinus_orca": 0.821968674659729,
    "Physeter_macrocephalus": 0.9999901056289673,
    "Stenella_coeruleoalba": 0.9976525902748108,
    "Tursiops_truncatus": 0.9239287972450256,
    "background": 0.0
  },
  "DCLDE_2026": {
    "Balaenoptera_acutorostrata": 0.9985505938529968,
    "Balaenoptera_physalus": 0.9998884201049805,
    "Delphinidae_unknown": 0.9387508630752563,
    "Delphinus_delphis": 0.9748193621635437,
    "Globicephala_melas": 0.20998288691043854,
    "Grampus_griseus": 0.9641797542572021,
    "Orcinus_orca": 0.07725553214550018,
    "Physeter_macrocephalus": 0.9971346855163574,
    "Stenella_coeruleoalba": 0.9966953992843628,
    "Tursiops_truncatus": 0.5447563529014587,
    "background": 0.0
  },
  "DOLPHINFREE": {
    "Balaenoptera_acutorostrata": 0.9999896287918091,
    "Balaenoptera_physalus": 0.9994223117828369,
    "Delphinidae_unknown": 0.49015936255455017,
    "Delphinus_delphis": 0.9893717765808105,
    "Globicephala_melas": 0.9999667406082153,
    "Grampus_griseus": 0.9992048144340515,
    "Orcinus_orca": 0.841523289680481,
    "Physeter_macrocephalus": 0.9083013534545898,
    "Stenella_coeruleoalba": 0.9985070824623108,
    "Tursiops_truncatus": 0.9485978484153748,
    "background": 0.0
  },
  "DRYAD": {
    "Balaenoptera_acutorostrata": 0.9999996423721313,
    "Balaenoptera_physalus": 0.9999994039535522,
    "Delphinidae_unknown": 0.9989217519760132,
    "Delphinus_delphis": 0.9937403202056885,
    "Globicephala_melas": 0.1616281121969223,
    "Grampus_griseus": 0.6802191138267517,
    "Orcinus_orca": 0.8169839978218079,
    "Physeter_macrocephalus": 0.9999946355819702,
    "Stenella_coeruleoalba": 0.9999939203262329,
    "Tursiops_truncatus": 0.9927167296409607,
    "background": 0.0
  },
  "ECOSS_annot": {
    "Balaenoptera_acutorostrata": 0.9983781576156616,
    "Balaenoptera_physalus": 0.9692882299423218,
    "Delphinidae_unknown": 0.5771805644035339,
    "Delphinus_delphis": 0.9997629523277283,
    "Globicephala_melas": 0.9968023300170898,
    "Grampus_griseus": 0.7740630507469177,
    "Orcinus_orca": 0.821301281452179,
    "Physeter_macrocephalus": 0.653458297252655,
    "Stenella_coeruleoalba": 0.9957939386367798,
    "Tursiops_truncatus": 0.9270281195640564,
    "background": 0.0
  },
  "ECOSS_enhanced": {
    "Balaenoptera_acutorostrata": 0.9999988079071045,
    "Balaenoptera_physalus": 0.9989712238311768,
    "Delphinidae_unknown": 0.9914442896842957,
    "Delphinus_delphis": 0.9983256459236145,
    "Globicephala_melas": 0.9997332692146301,
    "Grampus_griseus": 0.991260826587677,
    "Orcinus_orca": 0.819214403629303,
    "Physeter_macrocephalus": 0.7284426689147949,
    "Stenella_coeruleoalba": 0.9911894798278809,
    "Tursiops_truncatus": 0.9800409078598022,
    "background": 0.0
  },
  "ECOSS_testtrain": {
    "Balaenoptera_acutorostrata": 0.9954193830490112,
    "Balaenoptera_physalus": 0.9999209642410278,
    "Delphinidae_unknown": 0.9646306037902832,
    "Delphinus_delphis": 0.8992708325386047,
    "Globicephala_melas": 0.6952882409095764,
    "Grampus_griseus": 0.991018533706665,
    "Orcinus_orca": 0.8059026002883911,
    "Physeter_macrocephalus": 0.9996312856674194,
    "Stenella_coeruleoalba": 0.9997918009757996,
    "Tursiops_truncatus": 0.9590892791748047,
    "background": 0.0
  },
  "FREMANTLE": {
    "Balaenoptera_acutorostrata": 0.9999997615814209,
    "Balaenoptera_physalus": 0.9998716115951538,
    "Delphinidae_unknown": 0.9987307190895081,
    "Delphinus_delphis": 0.9966925382614136,
    "Globicephala_melas": 0.99638831615448,
    "Grampus_griseus": 0.9561147093772888,
    "Orcinus_orca": 0.8102341890335083,
    "Physeter_macrocephalus": 0.9999915361404419,
    "Stenella_coeruleoalba": 0.9945034980773926,
    "Tursiops_truncatus": 0.9629831910133362,
    "background": 0.0
  },
  "MONISH": {
    "Balaenoptera_acutorostrata": 1.0,
    "Balaenoptera_physalus": 1.0,
    "Delphinidae_unknown": 0.9984353184700012,
    "Delphinus_delphis": 0.9998094439506531,
    "Globicephala_melas": 0.8101012110710144,
    "Grampus_griseus": 0.8107496500015259,
    "Orcinus_orca": 0.868245005607605,
    "Physeter_macrocephalus": 0.8369917273521423,
    "Stenella_coeruleoalba": 0.9999983310699463,
    "Tursiops_truncatus": 0.9800733923912048,
    "background": 0.0
  },
  "OLTREMARE": {
    "Balaenoptera_acutorostrata": 0.997079610824585,
    "Balaenoptera_physalus": 0.9879236817359924,
    "Delphinidae_unknown": 0.9906964302062988,
    "Delphinus_delphis": 0.9963881969451904,
    "Globicephala_melas": 0.8990800380706787,
    "Grampus_griseus": 0.9829357862472534,
    "Orcinus_orca": 0.8641371726989746,
    "Physeter_macrocephalus": 0.9749472737312317,
    "Stenella_coeruleoalba": 0.903217077255249,
    "Tursiops_truncatus": 0.9683071970939636,
    "background": 0.0
  },
  "WATKINS": {
    "Balaenoptera_physalus": 0.9999966621398926,
    "Delphinidae_unknown": 0.2811192572116852,
    "Delphinus_delphis": 0.9821715354919434,
    "Globicephala_melas": 0.9999997615814209,
    "Grampus_griseus": 0.9957650899887085,
    "Orcinus_orca": 0.8793713450431824,
    "Physeter_macrocephalus": 0.9991289973258972,
    "Stenella_coeruleoalba": 1.0,
    "Tursiops_truncatus": 0.9800029993057251,
    "background": 0.0
  }
}