{
  "run": "v09_best_combo_no_alnitak",
  "exp1": {
    "val_macro_f1": 0.8731748797670548,
    "test_macro_f1": 0.8545135404410267,
    "test_macro_f1_full_vocab": 0.8545135404410267,
    "test_weighted_f1": 0.8465025613571835,
    "test_accuracy": 0.8494063133507095,
    "test_balanced_acc": 0.8405100119476808,
    "elapsed_s": 1.8231804370880127
  },
  "exp2_avg_test_macro_f1": 0.8415348861495213,
  "exp3_avg_test_macro_f1": 0.6345392807080849,
  "exp2_per_fold": {
    "ALNITAK_CAVANILLES": {
      "val_macro_f1": 0.8081412522188243,
      "test_macro_f1": 0.12096595616812175,
      "test_macro_f1_full_vocab": 0.08467616931768522,
      "test_weighted_f1": 0.5267121066757494,
      "test_accuracy": 0.5275105809926895,
      "test_balanced_acc": 0.1308247184875858,
      "elapsed_s": 1.5190272331237793,
      "sp_n_test_rows": 745,
      "sp_n_classes_present": 6,
      "sp_macro_f1": 0.034575334632657766,
      "sp_balanced_acc": 0.030460553445872767,
      "sp_frac_routed_to_bg": 0.661744966442953,
      "held_out": "ALNITAK_CAVANILLES"
    },
    "ECOSS_testtrain": {
      "val_macro_f1": 0.8257292155984522,
      "test_macro_f1": 0.8909164531889807,
      "test_macro_f1_full_vocab": 0.5345498719133884,
      "test_weighted_f1": 0.9850853056350166,
      "test_accuracy": 0.9812533476164971,
      "test_balanced_acc": 0.8785919540229886,
      "elapsed_s": 1.0890023708343506,
      "sp_n_test_rows": 127,
      "sp_n_classes_present": 5,
      "sp_macro_f1": 0.8862745098039216,
      "sp_balanced_acc": 0.8550000000000001,
      "sp_frac_routed_to_bg": 0.0,
      "held_out": "ECOSS_testtrain"
    },
    "ECOSS_enhanced": {
      "val_macro_f1": 0.8419309210900783,
      "test_macro_f1": 0.9275058718974164,
      "test_macro_f1_full_vocab": 0.5565035231384499,
      "test_weighted_f1": 0.8911250464764082,
      "test_accuracy": 0.8511904761904762,
      "test_balanced_acc": 0.9007936507936508,
      "elapsed_s": 1.3420779705047607,
      "sp_n_test_rows": 143,
      "sp_n_classes_present": 5,
      "sp_macro_f1": 0.9130070462768997,
      "sp_balanced_acc": 0.880952380952381,
      "sp_frac_routed_to_bg": 0.0,
      "held_out": "ECOSS_enhanced"
    },
    "ECOSS_annot": {
      "val_macro_f1": 0.8861262056293466,
      "test_macro_f1": 0.7507077148458539,
      "test_macro_f1_full_vocab": 0.15014154296917076,
      "test_weighted_f1": 0.7273908724747308,
      "test_accuracy": 0.6781914893617021,
      "test_balanced_acc": 0.7376421861400402,
      "elapsed_s": 1.3860704898834229,
      "sp_n_test_rows": 466,
      "sp_n_classes_present": 1,
      "sp_macro_f1": 0.6570605187319885,
      "sp_balanced_acc": 0.4892703862660944,
      "sp_frac_routed_to_bg": 0.20815450643776823,
      "held_out": "ECOSS_annot"
    },
    "DCLDE_2026": {
      "val_macro_f1": 0.7800770963928858,
      "test_macro_f1": 0.8672648609691676,
      "test_macro_f1_full_vocab": 0.17345297219383352,
      "test_weighted_f1": 0.8667681675687019,
      "test_accuracy": 0.7963066592053721,
      "test_balanced_acc": 0.7969961167480897,
      "elapsed_s": 1.4429895877838135,
      "sp_n_test_rows": 887,
      "sp_n_classes_present": 1,
      "sp_macro_f1": 0.9427890345649583,
      "sp_balanced_acc": 0.8917700112739572,
      "sp_frac_routed_to_bg": 0.05636978579481398,
      "held_out": "DCLDE_2026"
    },
    "DOLPHINFREE": {
      "val_macro_f1": 0.7989597312102132,
      "test_macro_f1": 1.0,
      "test_macro_f1_full_vocab": 0.1,
      "test_weighted_f1": 1.0,
      "test_accuracy": 1.0,
      "test_balanced_acc": 1.0,
      "elapsed_s": 1.3393540382385254,
      "sp_n_test_rows": 1150,
      "sp_n_classes_present": 1,
      "sp_macro_f1": 1.0,
      "sp_balanced_acc": 1.0,
      "sp_frac_routed_to_bg": 0.0,
      "held_out": "DOLPHINFREE"
    },
    "DRYAD": {
      "val_macro_f1": 0.8153851360312924,
      "test_macro_f1": 0.9977116704805492,
      "test_macro_f1_full_vocab": 0.09977116704805492,
      "test_weighted_f1": 0.9977116704805492,
      "test_accuracy": 0.9954337899543378,
      "test_balanced_acc": 0.9954337899543378,
      "elapsed_s": 1.2596054077148438,
      "sp_n_test_rows": 219,
      "sp_n_classes_present": 1,
      "sp_macro_f1": 0.9977116704805492,
      "sp_balanced_acc": 0.9954337899543378,
      "sp_frac_routed_to_bg": 0.0,
      "held_out": "DRYAD"
    },
    "Adriatic_Sea": {
      "val_macro_f1": 0.8562191642017944,
      "test_macro_f1": 0.8719267234452837,
      "test_macro_f1_full_vocab": 0.17438534468905673,
      "test_weighted_f1": 0.8671606317457354,
      "test_accuracy": 0.7903930131004366,
      "test_balanced_acc": 0.7981474407944996,
      "elapsed_s": 4.831147909164429,
      "sp_n_test_rows": 220,
      "sp_n_classes_present": 1,
      "sp_macro_f1": 0.9977220956719818,
      "sp_balanced_acc": 0.9954545454545455,
      "sp_frac_routed_to_bg": 0.0,
      "held_out": "Adriatic_Sea"
    },
    "OLTREMARE": {
      "val_macro_f1": 0.8545729251891612,
      "test_macro_f1": 1.0,
      "test_macro_f1_full_vocab": 0.1,
      "test_weighted_f1": 1.0,
      "test_accuracy": 1.0,
      "test_balanced_acc": 1.0,
      "elapsed_s": 1.3059706687927246,
      "sp_n_test_rows": 292,
      "sp_n_classes_present": 1,
      "sp_macro_f1": 1.0,
      "sp_balanced_acc": 1.0,
      "sp_frac_routed_to_bg": 0.0,
      "held_out": "OLTREMARE"
    },
    "MONISH": {
      "val_macro_f1": 0.8339625246435446,
      "test_macro_f1": 0.9883496104998397,
      "test_macro_f1_full_vocab": 0.4941748052499199,
      "test_weighted_f1": 0.9951815606854809,
      "test_accuracy": 0.9951377633711507,
      "test_balanced_acc": 0.992336878212121,
      "elapsed_s": 3.804351568222046,
      "sp_n_test_rows": 617,
      "sp_n_classes_present": 5,
      "sp_macro_f1": 0.9883496104998397,
      "sp_balanced_acc": 0.992336878212121,
      "sp_frac_routed_to_bg": 0.0,
      "held_out": "MONISH"
    }
  },
  "exp3_per_fold": {
    "MONISH": {
      "val_macro_f1": 0.8663177398265555,
      "test_macro_f1": 0.9851175784432682,
      "test_macro_f1_full_vocab": 0.5472875435795934,
      "test_weighted_f1": 0.9926767541619973,
      "test_accuracy": 0.9918962722852512,
      "test_balanced_acc": 0.9851615613022908,
      "elapsed_s": 1.4897863864898682,
      "held_out": "MONISH"
    },
    "ECOSS_testtrain": {
      "val_macro_f1": 0.9016869373357967,
      "test_macro_f1": 0.8923076923076924,
      "test_macro_f1_full_vocab": 0.49572649572649574,
      "test_weighted_f1": 0.8304058146577832,
      "test_accuracy": 0.7795275590551181,
      "test_balanced_acc": 0.86,
      "elapsed_s": 3.9743518829345703,
      "held_out": "ECOSS_testtrain"
    },
    "ALNITAK_CAVANILLES": {
      "val_macro_f1": 0.9987148325091498,
      "test_macro_f1": 0.026192571373294265,
      "test_macro_f1_full_vocab": 0.017461714248862843,
      "test_weighted_f1": 0.021391534442395603,
      "test_accuracy": 0.013422818791946308,
      "test_balanced_acc": 0.018360546780921458,
      "elapsed_s": 1.5476958751678467,
      "held_out": "ALNITAK_CAVANILLES"
    }
  }
}