{
  "run": "v09_best_combo",
  "exp1": {
    "val_macro_f1": 0.9926408207343986,
    "test_macro_f1": 0.9137159538915812,
    "test_macro_f1_full_vocab": 0.9137159538915812,
    "test_weighted_f1": 0.9248217030370605,
    "test_accuracy": 0.9255719664060238,
    "test_balanced_acc": 0.9056025904811673,
    "elapsed_s": 0.8308401107788086
  },
  "exp2_avg_test_macro_f1": 0.958653240055478,
  "exp3_avg_test_macro_f1": 0.9124424226786778,
  "exp2_per_fold": {
    "ALNITAK_CAVANILLES": {
      "val_macro_f1": 0.967355544946886,
      "test_macro_f1": 0.8180244487463536,
      "test_macro_f1_full_vocab": 0.5726171141224475,
      "test_weighted_f1": 0.9142767934650129,
      "test_accuracy": 0.9122739515198153,
      "test_balanced_acc": 0.8376318354217843,
      "elapsed_s": 1.0587363243103027,
      "sp_n_test_rows": 745,
      "sp_n_classes_present": 6,
      "sp_macro_f1": 0.8450939688425612,
      "sp_balanced_acc": 0.819739838197044,
      "sp_frac_routed_to_bg": 0.1342281879194631,
      "held_out": "ALNITAK_CAVANILLES"
    },
    "ECOSS_testtrain": {
      "val_macro_f1": 0.9297870006749175,
      "test_macro_f1": 0.940677966101695,
      "test_macro_f1_full_vocab": 0.5644067796610169,
      "test_weighted_f1": 0.9923742430982361,
      "test_accuracy": 0.9887520085698982,
      "test_balanced_acc": 0.9125,
      "elapsed_s": 1.011249303817749,
      "sp_n_test_rows": 127,
      "sp_n_classes_present": 5,
      "sp_macro_f1": 0.9288135593220339,
      "sp_balanced_acc": 0.8949999999999999,
      "sp_frac_routed_to_bg": 0.0,
      "held_out": "ECOSS_testtrain"
    },
    "ECOSS_enhanced": {
      "val_macro_f1": 0.8692390499212264,
      "test_macro_f1": 0.9103683897801544,
      "test_macro_f1_full_vocab": 0.5462210338680926,
      "test_weighted_f1": 0.8691600882777353,
      "test_accuracy": 0.8333333333333334,
      "test_balanced_acc": 0.8888888888888888,
      "elapsed_s": 1.7608466148376465,
      "sp_n_test_rows": 143,
      "sp_n_classes_present": 5,
      "sp_macro_f1": 0.8963636363636363,
      "sp_balanced_acc": 0.8666666666666666,
      "sp_frac_routed_to_bg": 0.006993006993006993,
      "held_out": "ECOSS_enhanced"
    },
    "ECOSS_annot": {
      "val_macro_f1": 0.8642823828972744,
      "test_macro_f1": 0.9937820016105261,
      "test_macro_f1_full_vocab": 0.19875640032210523,
      "test_weighted_f1": 0.9939792967218261,
      "test_accuracy": 0.988031914893617,
      "test_balanced_acc": 0.9876421861400402,
      "elapsed_s": 0.7969141006469727,
      "sp_n_test_rows": 466,
      "sp_n_classes_present": 1,
      "sp_macro_f1": 0.9946062567421791,
      "sp_balanced_acc": 0.9892703862660944,
      "sp_frac_routed_to_bg": 0.0,
      "held_out": "ECOSS_annot"
    },
    "DCLDE_2026": {
      "val_macro_f1": 0.9173950803153383,
      "test_macro_f1": 0.9831594851491516,
      "test_macro_f1_full_vocab": 0.19663189702983033,
      "test_weighted_f1": 0.9831566386759094,
      "test_accuracy": 0.9798545047565753,
      "test_balanced_acc": 0.9798371539521483,
      "elapsed_s": 1.2670314311981201,
      "sp_n_test_rows": 887,
      "sp_n_classes_present": 1,
      "sp_macro_f1": 0.9885974914481186,
      "sp_balanced_acc": 0.9774520856820744,
      "sp_frac_routed_to_bg": 0.016910935738444193,
      "held_out": "DCLDE_2026"
    },
    "DOLPHINFREE": {
      "val_macro_f1": 0.806189660913218,
      "test_macro_f1": 1.0,
      "test_macro_f1_full_vocab": 0.1,
      "test_weighted_f1": 1.0,
      "test_accuracy": 1.0,
      "test_balanced_acc": 1.0,
      "elapsed_s": 0.917121171951294,
      "sp_n_test_rows": 1150,
      "sp_n_classes_present": 1,
      "sp_macro_f1": 1.0,
      "sp_balanced_acc": 1.0,
      "sp_frac_routed_to_bg": 0.0,
      "held_out": "DOLPHINFREE"
    },
    "DRYAD": {
      "val_macro_f1": 0.8074936200698917,
      "test_macro_f1": 0.9596199524940617,
      "test_macro_f1_full_vocab": 0.09596199524940617,
      "test_weighted_f1": 0.9596199524940617,
      "test_accuracy": 0.9223744292237442,
      "test_balanced_acc": 0.9223744292237442,
      "elapsed_s": 1.2179431915283203,
      "sp_n_test_rows": 219,
      "sp_n_classes_present": 1,
      "sp_macro_f1": 0.9596199524940617,
      "sp_balanced_acc": 0.9223744292237442,
      "sp_frac_routed_to_bg": 0.0,
      "held_out": "DRYAD"
    },
    "Adriatic_Sea": {
      "val_macro_f1": 0.9572872502639338,
      "test_macro_f1": 1.0,
      "test_macro_f1_full_vocab": 0.2,
      "test_weighted_f1": 1.0,
      "test_accuracy": 1.0,
      "test_balanced_acc": 1.0,
      "elapsed_s": 1.0662763118743896,
      "sp_n_test_rows": 220,
      "sp_n_classes_present": 1,
      "sp_macro_f1": 1.0,
      "sp_balanced_acc": 1.0,
      "sp_frac_routed_to_bg": 0.0,
      "held_out": "Adriatic_Sea"
    },
    "OLTREMARE": {
      "val_macro_f1": 0.822331504116679,
      "test_macro_f1": 1.0,
      "test_macro_f1_full_vocab": 0.1,
      "test_weighted_f1": 1.0,
      "test_accuracy": 1.0,
      "test_balanced_acc": 1.0,
      "elapsed_s": 0.9602251052856445,
      "sp_n_test_rows": 292,
      "sp_n_classes_present": 1,
      "sp_macro_f1": 1.0,
      "sp_balanced_acc": 1.0,
      "sp_frac_routed_to_bg": 0.0,
      "held_out": "OLTREMARE"
    },
    "MONISH": {
      "val_macro_f1": 0.8479853621507887,
      "test_macro_f1": 0.9809001566728387,
      "test_macro_f1_full_vocab": 0.49045007833641935,
      "test_weighted_f1": 0.9898818247734223,
      "test_accuracy": 0.9902755267423015,
      "test_balanced_acc": 0.9675675675675676,
      "elapsed_s": 1.7051975727081299,
      "sp_n_test_rows": 617,
      "sp_n_classes_present": 5,
      "sp_macro_f1": 0.9809001566728387,
      "sp_balanced_acc": 0.9675675675675676,
      "sp_frac_routed_to_bg": 0.0,
      "held_out": "MONISH"
    }
  },
  "exp3_per_fold": {
    "MONISH": {
      "val_macro_f1": 0.9610670844116443,
      "test_macro_f1": 0.9876005547850208,
      "test_macro_f1_full_vocab": 0.5486669748805671,
      "test_weighted_f1": 0.9933475251597702,
      "test_accuracy": 0.993517017828201,
      "test_balanced_acc": 0.9783783783783784,
      "elapsed_s": 0.658656120300293,
      "held_out": "MONISH"
    },
    "ECOSS_testtrain": {
      "val_macro_f1": 0.9754728488244339,
      "test_macro_f1": 0.9241379310344827,
      "test_macro_f1_full_vocab": 0.5134099616858238,
      "test_weighted_f1": 0.8805321748574532,
      "test_accuracy": 0.8267716535433071,
      "test_balanced_acc": 0.89,
      "elapsed_s": 1.3183119297027588,
      "held_out": "ECOSS_testtrain"
    },
    "ALNITAK_CAVANILLES": {
      "val_macro_f1": 0.997392290249433,
      "test_macro_f1": 0.8255887822165301,
      "test_macro_f1_full_vocab": 0.5503925214776868,
      "test_weighted_f1": 0.9067960414886025,
      "test_accuracy": 0.8711409395973154,
      "test_balanced_acc": 0.8630979736819827,
      "elapsed_s": 0.6018631458282471,
      "held_out": "ALNITAK_CAVANILLES"
    }
  }
}